Fabricante,Edad,Primera Dosis,Primera Dosis (std),Segunda Dosis,Segunda Dosis (std),Cuarta Dosis,Cuarta Dosis (std),Dosis Refuerzo,Dosis Refuerzo (std),Dosis Única,Unica Dosis
Campaña SARS-CoV-2 (AstraZeneca),3,0.0,0.0,0.0,0.0,0.0,0.0,0.0,0.0,0.0,0.0
CanSino,3,0.0,0.0,0.0,0.0,0.0,0.0,0.0,0.0,0.0,0.0
Campaña SARS-CoV-2 (Janssen),3,0.0,0.0,0.0,0.0,0.0,0.0,0.0,0.0,0.0,0.0
Campaña SARS-CoV-2 (Moderna),3,0.0,0.0,0.0,0.0,0.0,0.0,0.0,0.0,0.0,0.0
Campaña SARS-CoV-2 (Pfizer),3,1.0,1.0,0.0,0.0,189.0,189.0,102.0,102.0,0.0,0.0
Campaña SARS-CoV-2 (Sinovac),3,199408.0,199408.0,160120.0,160120.0,3892.0,3892.0,50638.0,50638.0,0.0,0.0
,3,0.0,0.0,0.0,0.0,0.0,0.0,0.0,0.0,0.0,0.0
Campaña SARS-CoV-2 (AstraZeneca),4,0.0,0.0,0.0,0.0,0.0,0.0,0.0,0.0,0.0,0.0
CanSino,4,0.0,0.0,0.0,0.0,0.0,0.0,0.0,0.0,0.0,0.0
Campaña SARS-CoV-2 (Janssen),4,0.0,0.0,0.0,0.0,0.0,0.0,0.0,0.0,0.0,0.0
Campaña SARS-CoV-2 (Moderna),4,0.0,0.0,0.0,0.0,0.0,0.0,0.0,0.0,0.0,0.0
Campaña SARS-CoV-2 (Pfizer),4,2.0,2.0,21.0,21.0,5071.0,5071.0,36060.0,36060.0,0.0,0.0
Campaña SARS-CoV-2 (Sinovac),4,176821.0,176821.0,151231.0,151231.0,178.0,178.0,21536.0,21536.0,0.0,0.0
,4,0.0,0.0,0.0,0.0,0.0,0.0,0.0,0.0,0.0,0.0
Campaña SARS-CoV-2 (AstraZeneca),5,0.0,0.0,0.0,0.0,0.0,0.0,0.0,0.0,0.0,0.0
CanSino,5,0.0,0.0,0.0,0.0,0.0,0.0,0.0,0.0,0.0,0.0
Campaña SARS-CoV-2 (Janssen),5,0.0,0.0,0.0,0.0,0.0,0.0,0.0,0.0,0.0,0.0
Campaña SARS-CoV-2 (Moderna),5,0.0,0.0,0.0,0.0,0.0,0.0,0.0,0.0,0.0,0.0
Campaña SARS-CoV-2 (Pfizer),5,1346.0,1346.0,536.0,536.0,8633.0,8633.0,78995.0,78995.0,0.0,0.0
Campaña SARS-CoV-2 (Sinovac),5,197410.0,197410.0,173778.0,173778.0,10.0,10.0,371.0,371.0,0.0,0.0
,5,0.0,0.0,0.0,0.0,0.0,0.0,0.0,0.0,0.0,0.0
Campaña SARS-CoV-2 (AstraZeneca),6,0.0,0.0,0.0,0.0,0.0,0.0,0.0,0.0,0.0,0.0
CanSino,6,0.0,0.0,0.0,0.0,0.0,0.0,0.0,0.0,0.0,0.0
Campaña SARS-CoV-2 (Janssen),6,0.0,0.0,0.0,0.0,0.0,0.0,0.0,0.0,0.0,0.0
Campaña SARS-CoV-2 (Moderna),6,0.0,0.0,0.0,0.0,2.0,2.0,1.0,1.0,0.0,0.0
Campaña SARS-CoV-2 (Pfizer),6,1372.0,1372.0,519.0,519.0,26237.0,26237.0,158675.0,158675.0,0.0,0.0
Campaña SARS-CoV-2 (Sinovac),6,270632.0,270632.0,251824.0,251824.0,7.0,7.0,109.0,109.0,0.0,0.0
,6,0.0,0.0,0.0,0.0,0.0,0.0,0.0,0.0,0.0,0.0
Campaña SARS-CoV-2 (AstraZeneca),7,0.0,0.0,0.0,0.0,0.0,0.0,0.0,0.0,0.0,0.0
CanSino,7,0.0,0.0,0.0,0.0,0.0,0.0,0.0,0.0,0.0,0.0
Campaña SARS-CoV-2 (Janssen),7,0.0,0.0,0.0,0.0,0.0,0.0,0.0,0.0,0.0,0.0
Campaña SARS-CoV-2 (Moderna),7,0.0,0.0,0.0,0.0,1.0,1.0,1.0,1.0,0.0,0.0
Campaña SARS-CoV-2 (Pfizer),7,786.0,786.0,293.0,293.0,26107.0,26107.0,150457.0,150457.0,0.0,0.0
Campaña SARS-CoV-2 (Sinovac),7,239532.0,239532.0,227106.0,227106.0,6.0,6.0,90.0,90.0,0.0,0.0
,7,0.0,0.0,0.0,0.0,0.0,0.0,0.0,0.0,0.0,0.0
Campaña SARS-CoV-2 (AstraZeneca),8,0.0,0.0,0.0,0.0,0.0,0.0,0.0,0.0,0.0,0.0
CanSino,8,0.0,0.0,0.0,0.0,0.0,0.0,0.0,0.0,0.0,0.0
Campaña SARS-CoV-2 (Janssen),8,0.0,0.0,0.0,0.0,0.0,0.0,0.0,0.0,0.0,0.0
Campaña SARS-CoV-2 (Moderna),8,0.0,0.0,0.0,0.0,1.0,1.0,1.0,1.0,0.0,0.0
Campaña SARS-CoV-2 (Pfizer),8,602.0,602.0,227.0,227.0,27800.0,27800.0,150672.0,150672.0,0.0,0.0
Campaña SARS-CoV-2 (Sinovac),8,232521.0,232521.0,222036.0,222036.0,6.0,6.0,88.0,88.0,0.0,0.0
,8,0.0,0.0,0.0,0.0,0.0,0.0,0.0,0.0,0.0,0.0
Campaña SARS-CoV-2 (AstraZeneca),9,0.0,0.0,0.0,0.0,0.0,0.0,0.0,0.0,0.0,0.0
CanSino,9,0.0,0.0,0.0,0.0,0.0,0.0,0.0,0.0,0.0,0.0
Campaña SARS-CoV-2 (Janssen),9,0.0,0.0,0.0,0.0,0.0,0.0,0.0,0.0,0.0,0.0
Campaña SARS-CoV-2 (Moderna),9,0.0,0.0,0.0,0.0,4.0,4.0,1.0,1.0,0.0,0.0
Campaña SARS-CoV-2 (Pfizer),9,638.0,638.0,275.0,275.0,29205.0,29205.0,158223.0,158223.0,0.0,0.0
Campaña SARS-CoV-2 (Sinovac),9,238134.0,238134.0,228488.0,228488.0,4.0,4.0,81.0,81.0,0.0,0.0
,9,0.0,0.0,0.0,0.0,0.0,0.0,0.0,0.0,0.0,0.0
Campaña SARS-CoV-2 (AstraZeneca),10,0.0,0.0,0.0,0.0,0.0,0.0,0.0,0.0,0.0,0.0
CanSino,10,0.0,0.0,0.0,0.0,0.0,0.0,0.0,0.0,0.0,0.0
Campaña SARS-CoV-2 (Janssen),10,0.0,0.0,0.0,0.0,0.0,0.0,0.0,0.0,0.0,0.0
Campaña SARS-CoV-2 (Moderna),10,0.0,0.0,0.0,0.0,238.0,238.0,42.0,42.0,0.0,0.0
Campaña SARS-CoV-2 (Pfizer),10,605.0,605.0,287.0,287.0,29894.0,29894.0,164364.0,164364.0,0.0,0.0
Campaña SARS-CoV-2 (Sinovac),10,244094.0,244094.0,234990.0,234990.0,9.0,9.0,103.0,103.0,0.0,0.0
,10,0.0,0.0,0.0,0.0,0.0,0.0,0.0,0.0,0.0,0.0
Campaña SARS-CoV-2 (AstraZeneca),11,0.0,0.0,0.0,0.0,0.0,0.0,0.0,0.0,0.0,0.0
CanSino,11,0.0,0.0,0.0,0.0,0.0,0.0,0.0,0.0,0.0,0.0
Campaña SARS-CoV-2 (Janssen),11,0.0,0.0,0.0,0.0,0.0,0.0,0.0,0.0,0.0,0.0
Campaña SARS-CoV-2 (Moderna),11,0.0,0.0,0.0,0.0,945.0,945.0,152.0,152.0,0.0,0.0
Campaña SARS-CoV-2 (Pfizer),11,707.0,707.0,459.0,459.0,32283.0,32283.0,177304.0,177304.0,0.0,0.0
Campaña SARS-CoV-2 (Sinovac),11,247914.0,247914.0,240173.0,240173.0,38.0,38.0,111.0,111.0,0.0,0.0
,11,0.0,0.0,0.0,0.0,0.0,0.0,0.0,0.0,0.0,0.0
Campaña SARS-CoV-2 (AstraZeneca),12,0.0,0.0,0.0,0.0,0.0,0.0,0.0,0.0,0.0,0.0
CanSino,12,0.0,0.0,0.0,0.0,0.0,0.0,0.0,0.0,0.0,0.0
Campaña SARS-CoV-2 (Janssen),12,0.0,0.0,0.0,0.0,0.0,0.0,0.0,0.0,0.0,0.0
Campaña SARS-CoV-2 (Moderna),12,0.0,0.0,0.0,0.0,808.0,808.0,116.0,116.0,0.0,0.0
Campaña SARS-CoV-2 (Pfizer),12,53647.0,53647.0,50327.0,50327.0,57453.0,57453.0,207059.0,207059.0,0.0,0.0
Campaña SARS-CoV-2 (Sinovac),12,213775.0,213775.0,210866.0,210866.0,38.0,38.0,99.0,99.0,0.0,0.0
,12,0.0,0.0,0.0,0.0,0.0,0.0,0.0,0.0,0.0,0.0
Campaña SARS-CoV-2 (AstraZeneca),13,0.0,0.0,0.0,0.0,0.0,0.0,0.0,0.0,0.0,0.0
CanSino,13,0.0,0.0,0.0,0.0,0.0,0.0,0.0,0.0,0.0,0.0
Campaña SARS-CoV-2 (Janssen),13,0.0,0.0,0.0,0.0,0.0,0.0,0.0,0.0,0.0,0.0
Campaña SARS-CoV-2 (Moderna),13,0.0,0.0,0.0,0.0,758.0,758.0,114.0,114.0,0.0,0.0
Campaña SARS-CoV-2 (Pfizer),13,52513.0,52513.0,49810.0,49810.0,57567.0,57567.0,193945.0,193945.0,0.0,0.0
Campaña SARS-CoV-2 (Sinovac),13,196496.0,196496.0,194081.0,194081.0,35.0,35.0,89.0,89.0,0.0,0.0
,13,0.0,0.0,0.0,0.0,0.0,0.0,0.0,0.0,0.0,0.0
Campaña SARS-CoV-2 (AstraZeneca),14,0.0,0.0,0.0,0.0,0.0,0.0,1.0,1.0,0.0,0.0
CanSino,14,0.0,0.0,0.0,0.0,0.0,0.0,0.0,0.0,0.0,0.0
Campaña SARS-CoV-2 (Janssen),14,0.0,0.0,0.0,0.0,0.0,0.0,0.0,0.0,0.0,0.0
Campaña SARS-CoV-2 (Moderna),14,0.0,0.0,0.0,0.0,599.0,599.0,128.0,128.0,0.0,0.0
Campaña SARS-CoV-2 (Pfizer),14,119321.0,119321.0,116783.0,116783.0,80490.0,80490.0,205685.0,205685.0,0.0,0.0
Campaña SARS-CoV-2 (Sinovac),14,136215.0,136215.0,134221.0,134221.0,45.0,45.0,79.0,79.0,0.0,0.0
,14,0.0,0.0,0.0,0.0,0.0,0.0,0.0,0.0,0.0,0.0
Campaña SARS-CoV-2 (AstraZeneca),15,0.0,0.0,1.0,1.0,0.0,0.0,0.0,0.0,0.0,0.0
CanSino,15,0.0,0.0,0.0,0.0,0.0,0.0,0.0,0.0,0.0,0.0
Campaña SARS-CoV-2 (Janssen),15,0.0,0.0,0.0,0.0,0.0,0.0,0.0,0.0,0.0,0.0
Campaña SARS-CoV-2 (Moderna),15,0.0,0.0,0.0,0.0,458.0,458.0,130.0,130.0,0.0,0.0
Campaña SARS-CoV-2 (Pfizer),15,171390.0,171390.0,168946.0,168946.0,97623.0,97623.0,203122.0,203122.0,0.0,0.0
Campaña SARS-CoV-2 (Sinovac),15,74357.0,74357.0,72629.0,72629.0,25.0,25.0,81.0,81.0,0.0,0.0
,15,0.0,0.0,0.0,0.0,0.0,0.0,0.0,0.0,0.0,0.0
Campaña SARS-CoV-2 (AstraZeneca),16,0.0,0.0,3.0,3.0,0.0,0.0,0.0,0.0,0.0,0.0
CanSino,16,0.0,0.0,0.0,0.0,0.0,0.0,0.0,0.0,0.0,0.0
Campaña SARS-CoV-2 (Janssen),16,0.0,0.0,0.0,0.0,0.0,0.0,0.0,0.0,0.0,0.0
Campaña SARS-CoV-2 (Moderna),16,0.0,0.0,0.0,0.0,1969.0,1969.0,265.0,265.0,0.0,0.0
Campaña SARS-CoV-2 (Pfizer),16,195568.0,195568.0,193108.0,193108.0,114710.0,114710.0,207561.0,207561.0,0.0,0.0
Campaña SARS-CoV-2 (Sinovac),16,48658.0,48658.0,47025.0,47025.0,46.0,46.0,82.0,82.0,0.0,0.0
,16,0.0,0.0,0.0,0.0,0.0,0.0,0.0,0.0,0.0,0.0
Campaña SARS-CoV-2 (AstraZeneca),17,0.0,0.0,2.0,2.0,1.0,1.0,0.0,0.0,0.0,0.0
CanSino,17,0.0,0.0,0.0,0.0,0.0,0.0,0.0,0.0,0.0,0.0
Campaña SARS-CoV-2 (Janssen),17,0.0,0.0,0.0,0.0,0.0,0.0,0.0,0.0,0.0,0.0
Campaña SARS-CoV-2 (Moderna),17,0.0,0.0,0.0,0.0,59977.0,59977.0,10820.0,10820.0,0.0,0.0
Campaña SARS-CoV-2 (Pfizer),17,202342.0,202342.0,199961.0,199961.0,91399.0,91399.0,203551.0,203551.0,0.0,0.0
Campaña SARS-CoV-2 (Sinovac),17,37839.0,37839.0,36264.0,36264.0,67.0,67.0,80.0,80.0,0.0,0.0
,17,0.0,0.0,0.0,0.0,0.0,0.0,0.0,0.0,0.0,0.0
Campaña SARS-CoV-2 (AstraZeneca),18,1052.0,1052.0,37.0,37.0,0.0,0.0,0.0,0.0,0.0,0.0
CanSino,18,0.0,0.0,0.0,0.0,0.0,0.0,0.0,0.0,79900.0,79900.0
Campaña SARS-CoV-2 (Janssen),18,0.0,0.0,0.0,0.0,0.0,0.0,0.0,0.0,0.0,0.0
Campaña SARS-CoV-2 (Moderna),18,0.0,0.0,0.0,0.0,81299.0,81299.0,9771.0,9771.0,0.0,0.0
Campaña SARS-CoV-2 (Pfizer),18,93206.0,93206.0,91653.0,91653.0,96160.0,96160.0,224071.0,224071.0,0.0,0.0
Campaña SARS-CoV-2 (Sinovac),18,86535.0,86535.0,84309.0,84309.0,89.0,89.0,195.0,195.0,0.0,0.0
,18,0.0,0.0,0.0,0.0,0.0,0.0,0.0,0.0,0.0,0.0
Campaña SARS-CoV-2 (AstraZeneca),19,980.0,980.0,36.0,36.0,0.0,0.0,2.0,2.0,0.0,0.0
CanSino,19,0.0,0.0,0.0,0.0,0.0,0.0,0.0,0.0,37552.0,37552.0
Campaña SARS-CoV-2 (Janssen),19,0.0,0.0,0.0,0.0,0.0,0.0,0.0,0.0,1.0,1.0
Campaña SARS-CoV-2 (Moderna),19,0.0,0.0,0.0,0.0,80818.0,80818.0,8761.0,8761.0,0.0,0.0
Campaña SARS-CoV-2 (Pfizer),19,113534.0,113534.0,111858.0,111858.0,91963.0,91963.0,217732.0,217732.0,0.0,0.0
Campaña SARS-CoV-2 (Sinovac),19,101464.0,101464.0,98975.0,98975.0,91.0,91.0,193.0,193.0,0.0,0.0
,19,0.0,0.0,0.0,0.0,0.0,0.0,0.0,0.0,0.0,0.0
Campaña SARS-CoV-2 (AstraZeneca),20,991.0,991.0,42.0,42.0,0.0,0.0,5.0,5.0,0.0,0.0
CanSino,20,0.0,0.0,0.0,0.0,0.0,0.0,0.0,0.0,21215.0,21215.0
Campaña SARS-CoV-2 (Janssen),20,0.0,0.0,0.0,0.0,1.0,1.0,1.0,1.0,0.0,0.0
Campaña SARS-CoV-2 (Moderna),20,0.0,0.0,0.0,0.0,84994.0,84994.0,9217.0,9217.0,0.0,0.0
Campaña SARS-CoV-2 (Pfizer),20,67860.0,67860.0,65987.0,65987.0,94283.0,94283.0,226524.0,226524.0,0.0,0.0
Campaña SARS-CoV-2 (Sinovac),20,175677.0,175677.0,172637.0,172637.0,101.0,101.0,222.0,222.0,0.0,0.0
,20,0.0,0.0,0.0,0.0,0.0,0.0,0.0,0.0,0.0,0.0
Campaña SARS-CoV-2 (AstraZeneca),21,1054.0,1054.0,43.0,43.0,0.0,0.0,2.0,2.0,0.0,0.0
CanSino,21,0.0,0.0,0.0,0.0,0.0,0.0,0.0,0.0,18678.0,18678.0
Campaña SARS-CoV-2 (Janssen),21,0.0,0.0,0.0,0.0,0.0,0.0,0.0,0.0,0.0,0.0
Campaña SARS-CoV-2 (Moderna),21,0.0,0.0,0.0,0.0,81518.0,81518.0,9504.0,9504.0,0.0,0.0
Campaña SARS-CoV-2 (Pfizer),21,58235.0,58235.0,56163.0,56163.0,94273.0,94273.0,223515.0,223515.0,0.0,0.0
Campaña SARS-CoV-2 (Sinovac),21,187074.0,187074.0,183659.0,183659.0,97.0,97.0,203.0,203.0,0.0,0.0
,21,0.0,0.0,0.0,0.0,0.0,0.0,0.0,0.0,0.0,0.0
Campaña SARS-CoV-2 (AstraZeneca),22,1479.0,1479.0,53.0,53.0,0.0,0.0,2.0,2.0,0.0,0.0
CanSino,22,0.0,0.0,0.0,0.0,0.0,0.0,0.0,0.0,23494.0,23494.0
Campaña SARS-CoV-2 (Janssen),22,0.0,0.0,0.0,0.0,0.0,0.0,0.0,0.0,0.0,0.0
Campaña SARS-CoV-2 (Moderna),22,0.0,0.0,0.0,0.0,81998.0,81998.0,9870.0,9870.0,0.0,0.0
Campaña SARS-CoV-2 (Pfizer),22,59422.0,59422.0,57699.0,57699.0,99842.0,99842.0,233360.0,233360.0,0.0,0.0
Campaña SARS-CoV-2 (Sinovac),22,192726.0,192726.0,189220.0,189220.0,126.0,126.0,242.0,242.0,0.0,0.0
,22,0.0,0.0,0.0,0.0,0.0,0.0,0.0,0.0,0.0,0.0
Campaña SARS-CoV-2 (AstraZeneca),23,13817.0,13817.0,50.0,50.0,0.0,0.0,1.0,1.0,0.0,0.0
CanSino,23,0.0,0.0,0.0,0.0,0.0,0.0,0.0,0.0,38024.0,38024.0
Campaña SARS-CoV-2 (Janssen),23,0.0,0.0,0.0,0.0,0.0,0.0,0.0,0.0,1.0,1.0
Campaña SARS-CoV-2 (Moderna),23,0.0,0.0,0.0,0.0,80765.0,80765.0,9938.0,9938.0,0.0,0.0
Campaña SARS-CoV-2 (Pfizer),23,90396.0,90396.0,100681.0,100681.0,104258.0,104258.0,238313.0,238313.0,0.0,0.0
Campaña SARS-CoV-2 (Sinovac),23,141729.0,141729.0,138206.0,138206.0,104.0,104.0,247.0,247.0,0.0,0.0
,23,0.0,0.0,0.0,0.0,0.0,0.0,0.0,0.0,0.0,0.0
Campaña SARS-CoV-2 (AstraZeneca),24,20445.0,20445.0,69.0,69.0,0.0,0.0,5.0,5.0,0.0,0.0
CanSino,24,0.0,0.0,0.0,0.0,0.0,0.0,0.0,0.0,29628.0,29628.0
Campaña SARS-CoV-2 (Janssen),24,0.0,0.0,0.0,0.0,0.0,0.0,0.0,0.0,0.0,0.0
Campaña SARS-CoV-2 (Moderna),24,0.0,0.0,0.0,0.0,81588.0,81588.0,10353.0,10353.0,0.0,0.0
Campaña SARS-CoV-2 (Pfizer),24,97509.0,97509.0,114337.0,114337.0,108581.0,108581.0,244938.0,244938.0,0.0,0.0
Campaña SARS-CoV-2 (Sinovac),24,144577.0,144577.0,141006.0,141006.0,126.0,126.0,276.0,276.0,0.0,0.0
,24,0.0,0.0,0.0,0.0,0.0,0.0,0.0,0.0,0.0,0.0
Campaña SARS-CoV-2 (AstraZeneca),25,19277.0,19277.0,65.0,65.0,2.0,2.0,10.0,10.0,0.0,0.0
CanSino,25,0.0,0.0,0.0,0.0,0.0,0.0,0.0,0.0,25091.0,25091.0
Campaña SARS-CoV-2 (Janssen),25,0.0,0.0,0.0,0.0,0.0,0.0,0.0,0.0,0.0,0.0
Campaña SARS-CoV-2 (Moderna),25,0.0,0.0,0.0,0.0,83042.0,83042.0,10201.0,10201.0,0.0,0.0
Campaña SARS-CoV-2 (Pfizer),25,86947.0,86947.0,102572.0,102572.0,110700.0,110700.0,249504.0,249504.0,0.0,0.0
Campaña SARS-CoV-2 (Sinovac),25,165822.0,165822.0,162158.0,162158.0,125.0,125.0,336.0,336.0,0.0,0.0
,25,0.0,0.0,0.0,0.0,0.0,0.0,0.0,0.0,0.0,0.0
Campaña SARS-CoV-2 (AstraZeneca),26,20550.0,20550.0,80.0,80.0,0.0,0.0,6.0,6.0,0.0,0.0
CanSino,26,0.0,0.0,0.0,0.0,0.0,0.0,0.0,0.0,18529.0,18529.0
Campaña SARS-CoV-2 (Janssen),26,0.0,0.0,0.0,0.0,0.0,0.0,0.0,0.0,0.0,0.0
Campaña SARS-CoV-2 (Moderna),26,0.0,0.0,0.0,0.0,87995.0,87995.0,10222.0,10222.0,0.0,0.0
Campaña SARS-CoV-2 (Pfizer),26,81130.0,81130.0,98080.0,98080.0,116930.0,116930.0,262428.0,262428.0,0.0,0.0
Campaña SARS-CoV-2 (Sinovac),26,191224.0,191224.0,187457.0,187457.0,135.0,135.0,305.0,305.0,0.0,0.0
,26,0.0,0.0,0.0,0.0,0.0,0.0,0.0,0.0,0.0,0.0
Campaña SARS-CoV-2 (AstraZeneca),27,18584.0,18584.0,97.0,97.0,0.0,0.0,9.0,9.0,0.0,0.0
CanSino,27,0.0,0.0,0.0,0.0,0.0,0.0,0.0,0.0,17288.0,17288.0
Campaña SARS-CoV-2 (Janssen),27,0.0,0.0,0.0,0.0,0.0,0.0,0.0,0.0,1.0,1.0
Campaña SARS-CoV-2 (Moderna),27,0.0,0.0,0.0,0.0,88897.0,88897.0,10466.0,10466.0,0.0,0.0
Campaña SARS-CoV-2 (Pfizer),27,83388.0,83388.0,98305.0,98305.0,119184.0,119184.0,265628.0,265628.0,0.0,0.0
Campaña SARS-CoV-2 (Sinovac),27,195078.0,195078.0,191492.0,191492.0,148.0,148.0,364.0,364.0,0.0,0.0
,27,0.0,0.0,0.0,0.0,0.0,0.0,0.0,0.0,0.0,0.0
Campaña SARS-CoV-2 (AstraZeneca),28,16808.0,16808.0,71.0,71.0,0.0,0.0,9.0,9.0,0.0,0.0
CanSino,28,0.0,0.0,0.0,0.0,0.0,0.0,0.0,0.0,16809.0,16809.0
Campaña SARS-CoV-2 (Janssen),28,0.0,0.0,0.0,0.0,0.0,0.0,0.0,0.0,0.0,0.0
Campaña SARS-CoV-2 (Moderna),28,0.0,0.0,0.0,0.0,91753.0,91753.0,10214.0,10214.0,0.0,0.0
Campaña SARS-CoV-2 (Pfizer),28,94005.0,94005.0,107305.0,107305.0,121663.0,121663.0,271204.0,271204.0,0.0,0.0
Campaña SARS-CoV-2 (Sinovac),28,191679.0,191679.0,188189.0,188189.0,154.0,154.0,344.0,344.0,0.0,0.0
,28,0.0,0.0,0.0,0.0,0.0,0.0,0.0,0.0,0.0,0.0
Campaña SARS-CoV-2 (AstraZeneca),29,15458.0,15458.0,87.0,87.0,1.0,1.0,12.0,12.0,0.0,0.0
CanSino,29,0.0,0.0,0.0,0.0,0.0,0.0,0.0,0.0,16583.0,16583.0
Campaña SARS-CoV-2 (Janssen),29,0.0,0.0,0.0,0.0,0.0,0.0,0.0,0.0,1.0,1.0
Campaña SARS-CoV-2 (Moderna),29,0.0,0.0,0.0,0.0,94676.0,94676.0,10113.0,10113.0,0.0,0.0
Campaña SARS-CoV-2 (Pfizer),29,91839.0,91839.0,103810.0,103810.0,125119.0,125119.0,276926.0,276926.0,0.0,0.0
Campaña SARS-CoV-2 (Sinovac),29,200816.0,200816.0,197249.0,197249.0,183.0,183.0,403.0,403.0,0.0,0.0
,29,0.0,0.0,0.0,0.0,0.0,0.0,0.0,0.0,0.0,0.0
Campaña SARS-CoV-2 (AstraZeneca),30,13942.0,13942.0,69.0,69.0,0.0,0.0,12.0,12.0,0.0,0.0
CanSino,30,0.0,0.0,0.0,0.0,0.0,0.0,0.0,0.0,15687.0,15687.0
Campaña SARS-CoV-2 (Janssen),30,0.0,0.0,0.0,0.0,0.0,0.0,0.0,0.0,0.0,0.0
Campaña SARS-CoV-2 (Moderna),30,0.0,0.0,0.0,0.0,98797.0,98797.0,9954.0,9954.0,0.0,0.0
Campaña SARS-CoV-2 (Pfizer),30,99660.0,99660.0,110276.0,110276.0,128930.0,128930.0,285489.0,285489.0,0.0,0.0
Campaña SARS-CoV-2 (Sinovac),30,203522.0,203522.0,200127.0,200127.0,181.0,181.0,470.0,470.0,0.0,0.0
,30,0.0,0.0,0.0,0.0,0.0,0.0,0.0,0.0,0.0,0.0
Campaña SARS-CoV-2 (AstraZeneca),31,13258.0,13258.0,91.0,91.0,2.0,2.0,9.0,9.0,0.0,0.0
CanSino,31,0.0,0.0,0.0,0.0,0.0,0.0,0.0,0.0,14892.0,14892.0
Campaña SARS-CoV-2 (Janssen),31,0.0,0.0,0.0,0.0,0.0,0.0,0.0,0.0,1.0,1.0
Campaña SARS-CoV-2 (Moderna),31,0.0,0.0,0.0,0.0,100858.0,100858.0,9646.0,9646.0,0.0,0.0
Campaña SARS-CoV-2 (Pfizer),31,103803.0,103803.0,113843.0,113843.0,129829.0,129829.0,287659.0,287659.0,0.0,0.0
Campaña SARS-CoV-2 (Sinovac),31,201698.0,201698.0,198410.0,198410.0,198.0,198.0,422.0,422.0,0.0,0.0
,31,0.0,0.0,0.0,0.0,0.0,0.0,0.0,0.0,0.0,0.0
Campaña SARS-CoV-2 (AstraZeneca),32,9423.0,9423.0,95.0,95.0,1.0,1.0,10.0,10.0,0.0,0.0
CanSino,32,0.0,0.0,0.0,0.0,0.0,0.0,0.0,0.0,14170.0,14170.0
Campaña SARS-CoV-2 (Janssen),32,0.0,0.0,0.0,0.0,0.0,0.0,0.0,0.0,1.0,1.0
Campaña SARS-CoV-2 (Moderna),32,0.0,0.0,0.0,0.0,100531.0,100531.0,9036.0,9036.0,0.0,0.0
Campaña SARS-CoV-2 (Pfizer),32,98930.0,98930.0,105328.0,105328.0,126100.0,126100.0,280856.0,280856.0,0.0,0.0
Campaña SARS-CoV-2 (Sinovac),32,201876.0,201876.0,198733.0,198733.0,202.0,202.0,476.0,476.0,0.0,0.0
,32,0.0,0.0,0.0,0.0,0.0,0.0,0.0,0.0,0.0,0.0
Campaña SARS-CoV-2 (AstraZeneca),33,8242.0,8242.0,98.0,98.0,0.0,0.0,7.0,7.0,0.0,0.0
CanSino,33,0.0,0.0,0.0,0.0,0.0,0.0,0.0,0.0,13215.0,13215.0
Campaña SARS-CoV-2 (Janssen),33,0.0,0.0,0.0,0.0,0.0,0.0,0.0,0.0,0.0,0.0
Campaña SARS-CoV-2 (Moderna),33,0.0,0.0,0.0,0.0,97538.0,97538.0,8196.0,8196.0,0.0,0.0
Campaña SARS-CoV-2 (Pfizer),33,90832.0,90832.0,96272.0,96272.0,119334.0,119334.0,267883.0,267883.0,0.0,0.0
Campaña SARS-CoV-2 (Sinovac),33,195923.0,195923.0,192997.0,192997.0,190.0,190.0,462.0,462.0,0.0,0.0
,33,0.0,0.0,0.0,0.0,0.0,0.0,0.0,0.0,0.0,0.0
Campaña SARS-CoV-2 (AstraZeneca),34,7717.0,7717.0,89.0,89.0,0.0,0.0,11.0,11.0,0.0,0.0
CanSino,34,0.0,0.0,0.0,0.0,0.0,0.0,0.0,0.0,12342.0,12342.0
Campaña SARS-CoV-2 (Janssen),34,0.0,0.0,0.0,0.0,0.0,0.0,0.0,0.0,0.0,0.0
Campaña SARS-CoV-2 (Moderna),34,0.0,0.0,0.0,0.0,94186.0,94186.0,7651.0,7651.0,0.0,0.0
Campaña SARS-CoV-2 (Pfizer),34,84044.0,84044.0,89163.0,89163.0,115126.0,115126.0,257438.0,257438.0,0.0,0.0
Campaña SARS-CoV-2 (Sinovac),34,190959.0,190959.0,188288.0,188288.0,211.0,211.0,439.0,439.0,0.0,0.0
,34,0.0,0.0,0.0,0.0,0.0,0.0,0.0,0.0,0.0,0.0
Campaña SARS-CoV-2 (AstraZeneca),35,6364.0,6364.0,81.0,81.0,0.0,0.0,15.0,15.0,0.0,0.0
CanSino,35,0.0,0.0,0.0,0.0,0.0,0.0,0.0,0.0,11485.0,11485.0
Campaña SARS-CoV-2 (Janssen),35,0.0,0.0,0.0,0.0,0.0,0.0,0.0,0.0,0.0,0.0
Campaña SARS-CoV-2 (Moderna),35,0.0,0.0,0.0,0.0,92894.0,92894.0,7118.0,7118.0,0.0,0.0
Campaña SARS-CoV-2 (Pfizer),35,69049.0,69049.0,73085.0,73085.0,110797.0,110797.0,249258.0,249258.0,0.0,0.0
Campaña SARS-CoV-2 (Sinovac),35,197218.0,197218.0,194826.0,194826.0,208.0,208.0,440.0,440.0,0.0,0.0
,35,0.0,0.0,0.0,0.0,0.0,0.0,0.0,0.0,0.0,0.0
Campaña SARS-CoV-2 (AstraZeneca),36,5875.0,5875.0,70.0,70.0,1.0,1.0,13.0,13.0,0.0,0.0
CanSino,36,0.0,0.0,0.0,0.0,0.0,0.0,0.0,0.0,10661.0,10661.0
Campaña SARS-CoV-2 (Janssen),36,0.0,0.0,0.0,0.0,0.0,0.0,0.0,0.0,1.0,1.0
Campaña SARS-CoV-2 (Moderna),36,0.0,0.0,0.0,0.0,91593.0,91593.0,6544.0,6544.0,0.0,0.0
Campaña SARS-CoV-2 (Pfizer),36,62159.0,62159.0,65936.0,65936.0,107167.0,107167.0,241526.0,241526.0,0.0,0.0
Campaña SARS-CoV-2 (Sinovac),36,195780.0,195780.0,193484.0,193484.0,160.0,160.0,489.0,489.0,0.0,0.0
,36,0.0,0.0,0.0,0.0,0.0,0.0,0.0,0.0,0.0,0.0
Campaña SARS-CoV-2 (AstraZeneca),37,5737.0,5737.0,73.0,73.0,1.0,1.0,11.0,11.0,0.0,0.0
CanSino,37,0.0,0.0,0.0,0.0,0.0,0.0,0.0,0.0,10006.0,10006.0
Campaña SARS-CoV-2 (Janssen),37,0.0,0.0,0.0,0.0,0.0,0.0,0.0,0.0,0.0,0.0
Campaña SARS-CoV-2 (Moderna),37,0.0,0.0,0.0,0.0,90371.0,90371.0,6226.0,6226.0,0.0,0.0
Campaña SARS-CoV-2 (Pfizer),37,57191.0,57191.0,60906.0,60906.0,105190.0,105190.0,236462.0,236462.0,0.0,0.0
Campaña SARS-CoV-2 (Sinovac),37,194402.0,194402.0,192132.0,192132.0,207.0,207.0,484.0,484.0,0.0,0.0
,37,0.0,0.0,0.0,0.0,0.0,0.0,0.0,0.0,0.0,0.0
Campaña SARS-CoV-2 (AstraZeneca),38,5985.0,5985.0,99.0,99.0,3.0,3.0,18.0,18.0,0.0,0.0
CanSino,38,0.0,0.0,0.0,0.0,0.0,0.0,0.0,0.0,9858.0,9858.0
Campaña SARS-CoV-2 (Janssen),38,0.0,0.0,0.0,0.0,0.0,0.0,0.0,0.0,0.0,0.0
Campaña SARS-CoV-2 (Moderna),38,0.0,0.0,0.0,0.0,95581.0,95581.0,6232.0,6232.0,0.0,0.0
Campaña SARS-CoV-2 (Pfizer),38,57713.0,57713.0,61771.0,61771.0,107851.0,107851.0,244550.0,244550.0,0.0,0.0
Campaña SARS-CoV-2 (Sinovac),38,201414.0,201414.0,199266.0,199266.0,209.0,209.0,533.0,533.0,0.0,0.0
,38,0.0,0.0,0.0,0.0,0.0,0.0,0.0,0.0,0.0,0.0
Campaña SARS-CoV-2 (AstraZeneca),39,6318.0,6318.0,106.0,106.0,2.0,2.0,23.0,23.0,0.0,0.0
CanSino,39,0.0,0.0,0.0,0.0,0.0,0.0,0.0,0.0,9934.0,9934.0
Campaña SARS-CoV-2 (Janssen),39,0.0,0.0,0.0,0.0,0.0,0.0,0.0,0.0,0.0,0.0
Campaña SARS-CoV-2 (Moderna),39,0.0,0.0,0.0,0.0,98969.0,98969.0,6014.0,6014.0,0.0,0.0
Campaña SARS-CoV-2 (Pfizer),39,58304.0,58304.0,62689.0,62689.0,110195.0,110195.0,250196.0,250196.0,0.0,0.0
Campaña SARS-CoV-2 (Sinovac),39,205150.0,205150.0,203067.0,203067.0,244.0,244.0,525.0,525.0,0.0,0.0
,39,0.0,0.0,0.0,0.0,0.0,0.0,0.0,0.0,0.0,0.0
Campaña SARS-CoV-2 (AstraZeneca),40,7321.0,7321.0,277.0,277.0,0.0,0.0,37.0,37.0,0.0,0.0
CanSino,40,0.0,0.0,0.0,0.0,0.0,0.0,0.0,0.0,8969.0,8969.0
Campaña SARS-CoV-2 (Janssen),40,0.0,0.0,0.0,0.0,0.0,0.0,0.0,0.0,0.0,0.0
Campaña SARS-CoV-2 (Moderna),40,0.0,0.0,0.0,0.0,94002.0,94002.0,5462.0,5462.0,0.0,0.0
Campaña SARS-CoV-2 (Pfizer),40,55331.0,55331.0,60703.0,60703.0,103871.0,103871.0,235654.0,235654.0,0.0,0.0
Campaña SARS-CoV-2 (Sinovac),40,191078.0,191078.0,189261.0,189261.0,204.0,204.0,519.0,519.0,0.0,0.0
,40,0.0,0.0,0.0,0.0,0.0,0.0,0.0,0.0,0.0,0.0
Campaña SARS-CoV-2 (AstraZeneca),41,8925.0,8925.0,380.0,380.0,1.0,1.0,34.0,34.0,0.0,0.0
CanSino,41,0.0,0.0,0.0,0.0,0.0,0.0,0.0,0.0,8385.0,8385.0
Campaña SARS-CoV-2 (Janssen),41,0.0,0.0,0.0,0.0,0.0,0.0,0.0,0.0,0.0,0.0
Campaña SARS-CoV-2 (Moderna),41,0.0,0.0,0.0,0.0,92399.0,92399.0,5114.0,5114.0,0.0,0.0
Campaña SARS-CoV-2 (Pfizer),41,52418.0,52418.0,59395.0,59395.0,100328.0,100328.0,228783.0,228783.0,0.0,0.0
Campaña SARS-CoV-2 (Sinovac),41,184571.0,184571.0,182889.0,182889.0,203.0,203.0,498.0,498.0,0.0,0.0
,41,0.0,0.0,0.0,0.0,0.0,0.0,0.0,0.0,0.0,0.0
Campaña SARS-CoV-2 (AstraZeneca),42,10062.0,10062.0,941.0,941.0,2.0,2.0,31.0,31.0,0.0,0.0
CanSino,42,0.0,0.0,0.0,0.0,0.0,0.0,0.0,0.0,7833.0,7833.0
Campaña SARS-CoV-2 (Janssen),42,0.0,0.0,0.0,0.0,0.0,0.0,0.0,0.0,1.0,1.0
Campaña SARS-CoV-2 (Moderna),42,0.0,0.0,0.0,0.0,89214.0,89214.0,4637.0,4637.0,0.0,0.0
Campaña SARS-CoV-2 (Pfizer),42,48429.0,48429.0,56152.0,56152.0,97045.0,97045.0,219634.0,219634.0,0.0,0.0
Campaña SARS-CoV-2 (Sinovac),42,176647.0,176647.0,174991.0,174991.0,195.0,195.0,523.0,523.0,0.0,0.0
,42,0.0,0.0,0.0,0.0,0.0,0.0,0.0,0.0,0.0,0.0
Campaña SARS-CoV-2 (AstraZeneca),43,14280.0,14280.0,2138.0,2138.0,5.0,5.0,43.0,43.0,0.0,0.0
CanSino,43,0.0,0.0,0.0,0.0,0.0,0.0,0.0,0.0,7192.0,7192.0
Campaña SARS-CoV-2 (Janssen),43,0.0,0.0,0.0,0.0,0.0,0.0,0.0,0.0,0.0,0.0
Campaña SARS-CoV-2 (Moderna),43,0.0,0.0,0.0,0.0,87818.0,87818.0,4504.0,4504.0,0.0,0.0
Campaña SARS-CoV-2 (Pfizer),43,47476.0,47476.0,58278.0,58278.0,94920.0,94920.0,214619.0,214619.0,0.0,0.0
Campaña SARS-CoV-2 (Sinovac),43,167767.0,167767.0,166329.0,166329.0,243.0,243.0,571.0,571.0,0.0,0.0
,43,0.0,0.0,0.0,0.0,0.0,0.0,0.0,0.0,0.0,0.0
Campaña SARS-CoV-2 (AstraZeneca),44,16814.0,16814.0,5533.0,5533.0,11.0,11.0,251.0,251.0,0.0,0.0
CanSino,44,0.0,0.0,0.0,0.0,0.0,0.0,0.0,0.0,6979.0,6979.0
Campaña SARS-CoV-2 (Janssen),44,0.0,0.0,0.0,0.0,0.0,0.0,0.0,0.0,0.0,0.0
Campaña SARS-CoV-2 (Moderna),44,0.0,0.0,0.0,0.0,89857.0,89857.0,4027.0,4027.0,0.0,0.0
Campaña SARS-CoV-2 (Pfizer),44,47702.0,47702.0,57661.0,57661.0,94594.0,94594.0,215451.0,215451.0,0.0,0.0
Campaña SARS-CoV-2 (Sinovac),44,164966.0,164966.0,163646.0,163646.0,219.0,219.0,578.0,578.0,0.0,0.0
,44,0.0,0.0,0.0,0.0,0.0,0.0,0.0,0.0,0.0,0.0
Campaña SARS-CoV-2 (AstraZeneca),45,18048.0,18048.0,16521.0,16521.0,18.0,18.0,427.0,427.0,0.0,0.0
CanSino,45,0.0,0.0,0.0,0.0,0.0,0.0,0.0,0.0,6362.0,6362.0
Campaña SARS-CoV-2 (Janssen),45,0.0,0.0,0.0,0.0,0.0,0.0,0.0,0.0,1.0,1.0
Campaña SARS-CoV-2 (Moderna),45,0.0,0.0,0.0,0.0,95457.0,95457.0,4026.0,4026.0,0.0,0.0
Campaña SARS-CoV-2 (Pfizer),45,68900.0,68900.0,69051.0,69051.0,97997.0,97997.0,224362.0,224362.0,0.0,0.0
Campaña SARS-CoV-2 (Sinovac),45,151726.0,151726.0,150560.0,150560.0,257.0,257.0,598.0,598.0,0.0,0.0
,45,0.0,0.0,0.0,0.0,0.0,0.0,0.0,0.0,0.0,0.0
Campaña SARS-CoV-2 (AstraZeneca),46,12796.0,12796.0,11983.0,11983.0,23.0,23.0,504.0,504.0,0.0,0.0
CanSino,46,0.0,0.0,0.0,0.0,0.0,0.0,0.0,0.0,6579.0,6579.0
Campaña SARS-CoV-2 (Janssen),46,0.0,0.0,0.0,0.0,0.0,0.0,0.0,0.0,0.0,0.0
Campaña SARS-CoV-2 (Moderna),46,0.0,0.0,0.0,0.0,98234.0,98234.0,3998.0,3998.0,0.0,0.0
Campaña SARS-CoV-2 (Pfizer),46,71681.0,71681.0,71094.0,71094.0,100856.0,100856.0,230080.0,230080.0,0.0,0.0
Campaña SARS-CoV-2 (Sinovac),46,159922.0,159922.0,158749.0,158749.0,219.0,219.0,660.0,660.0,0.0,0.0
,46,0.0,0.0,0.0,0.0,0.0,0.0,0.0,0.0,0.0,0.0
Campaña SARS-CoV-2 (AstraZeneca),47,10060.0,10060.0,9356.0,9356.0,20.0,20.0,577.0,577.0,0.0,0.0
CanSino,47,0.0,0.0,0.0,0.0,0.0,0.0,0.0,0.0,6033.0,6033.0
Campaña SARS-CoV-2 (Janssen),47,0.0,0.0,0.0,0.0,0.0,0.0,0.0,0.0,0.0,0.0
Campaña SARS-CoV-2 (Moderna),47,0.0,0.0,0.0,0.0,98667.0,98667.0,3920.0,3920.0,0.0,0.0
Campaña SARS-CoV-2 (Pfizer),47,55171.0,55171.0,54553.0,54553.0,101571.0,101571.0,231056.0,231056.0,0.0,0.0
Campaña SARS-CoV-2 (Sinovac),47,180388.0,180388.0,179139.0,179139.0,226.0,226.0,687.0,687.0,0.0,0.0
,47,0.0,0.0,0.0,0.0,0.0,0.0,0.0,0.0,0.0,0.0
Campaña SARS-CoV-2 (AstraZeneca),48,7377.0,7377.0,6816.0,6816.0,19.0,19.0,627.0,627.0,0.0,0.0
CanSino,48,0.0,0.0,0.0,0.0,0.0,0.0,0.0,0.0,5665.0,5665.0
Campaña SARS-CoV-2 (Janssen),48,0.0,0.0,0.0,0.0,0.0,0.0,0.0,0.0,0.0,0.0
Campaña SARS-CoV-2 (Moderna),48,0.0,0.0,0.0,0.0,99725.0,99725.0,3749.0,3749.0,0.0,0.0
Campaña SARS-CoV-2 (Pfizer),48,87936.0,87936.0,87145.0,87145.0,100941.0,100941.0,230747.0,230747.0,0.0,0.0
Campaña SARS-CoV-2 (Sinovac),48,149887.0,149887.0,148782.0,148782.0,222.0,222.0,726.0,726.0,0.0,0.0
,48,0.0,0.0,0.0,0.0,0.0,0.0,0.0,0.0,0.0,0.0
Campaña SARS-CoV-2 (AstraZeneca),49,6821.0,6821.0,6245.0,6245.0,23.0,23.0,691.0,691.0,0.0,0.0
CanSino,49,0.0,0.0,0.0,0.0,0.0,0.0,0.0,0.0,5233.0,5233.0
Campaña SARS-CoV-2 (Janssen),49,0.0,0.0,0.0,0.0,0.0,0.0,0.0,0.0,0.0,0.0
Campaña SARS-CoV-2 (Moderna),49,0.0,0.0,0.0,0.0,98376.0,98376.0,3585.0,3585.0,0.0,0.0
Campaña SARS-CoV-2 (Pfizer),49,84893.0,84893.0,84215.0,84215.0,99013.0,99013.0,226455.0,226455.0,0.0,0.0
Campaña SARS-CoV-2 (Sinovac),49,148972.0,148972.0,147893.0,147893.0,238.0,238.0,675.0,675.0,0.0,0.0
,49,0.0,0.0,0.0,0.0,0.0,0.0,0.0,0.0,0.0,0.0
Campaña SARS-CoV-2 (AstraZeneca),50,6007.0,6007.0,5544.0,5544.0,26.0,26.0,734.0,734.0,0.0,0.0
CanSino,50,0.0,0.0,0.0,0.0,0.0,0.0,0.0,0.0,4897.0,4897.0
Campaña SARS-CoV-2 (Janssen),50,0.0,0.0,0.0,0.0,0.0,0.0,0.0,0.0,0.0,0.0
Campaña SARS-CoV-2 (Moderna),50,0.0,0.0,0.0,0.0,95596.0,95596.0,3206.0,3206.0,0.0,0.0
Campaña SARS-CoV-2 (Pfizer),50,74546.0,74546.0,73850.0,73850.0,96819.0,96819.0,219894.0,219894.0,0.0,0.0
Campaña SARS-CoV-2 (Sinovac),50,152591.0,152591.0,151627.0,151627.0,214.0,214.0,690.0,690.0,0.0,0.0
,50,0.0,0.0,0.0,0.0,0.0,0.0,0.0,0.0,0.0,0.0
Campaña SARS-CoV-2 (AstraZeneca),51,5495.0,5495.0,5069.0,5069.0,21.0,21.0,997.0,997.0,0.0,0.0
CanSino,51,0.0,0.0,0.0,0.0,0.0,0.0,0.0,0.0,4463.0,4463.0
Campaña SARS-CoV-2 (Janssen),51,0.0,0.0,0.0,0.0,0.0,0.0,0.0,0.0,0.0,0.0
Campaña SARS-CoV-2 (Moderna),51,0.0,0.0,0.0,0.0,91498.0,91498.0,3012.0,3012.0,0.0,0.0
Campaña SARS-CoV-2 (Pfizer),51,68322.0,68322.0,67672.0,67672.0,94231.0,94231.0,211344.0,211344.0,0.0,0.0
Campaña SARS-CoV-2 (Sinovac),51,150697.0,150697.0,149799.0,149799.0,237.0,237.0,804.0,804.0,0.0,0.0
,51,0.0,0.0,0.0,0.0,0.0,0.0,0.0,0.0,0.0,0.0
Campaña SARS-CoV-2 (AstraZeneca),52,5339.0,5339.0,4950.0,4950.0,23.0,23.0,1193.0,1193.0,0.0,0.0
CanSino,52,0.0,0.0,0.0,0.0,0.0,0.0,0.0,0.0,4384.0,4384.0
Campaña SARS-CoV-2 (Janssen),52,0.0,0.0,0.0,0.0,1.0,1.0,0.0,0.0,1.0,1.0
Campaña SARS-CoV-2 (Moderna),52,0.0,0.0,0.0,0.0,93437.0,93437.0,2951.0,2951.0,0.0,0.0
Campaña SARS-CoV-2 (Pfizer),52,54098.0,54098.0,53488.0,53488.0,96943.0,96943.0,216498.0,216498.0,0.0,0.0
Campaña SARS-CoV-2 (Sinovac),52,170550.0,170550.0,169676.0,169676.0,236.0,236.0,842.0,842.0,0.0,0.0
,52,0.0,0.0,0.0,0.0,0.0,0.0,0.0,0.0,0.0,0.0
Campaña SARS-CoV-2 (AstraZeneca),53,5240.0,5240.0,4866.0,4866.0,33.0,33.0,1790.0,1790.0,0.0,0.0
CanSino,53,0.0,0.0,0.0,0.0,0.0,0.0,0.0,0.0,4208.0,4208.0
Campaña SARS-CoV-2 (Janssen),53,0.0,0.0,0.0,0.0,0.0,0.0,0.0,0.0,0.0,0.0
Campaña SARS-CoV-2 (Moderna),53,0.0,0.0,0.0,0.0,94950.0,94950.0,2903.0,2903.0,0.0,0.0
Campaña SARS-CoV-2 (Pfizer),53,56442.0,56442.0,55886.0,55886.0,99614.0,99614.0,220006.0,220006.0,0.0,0.0
Campaña SARS-CoV-2 (Sinovac),53,172623.0,172623.0,171696.0,171696.0,250.0,250.0,975.0,975.0,0.0,0.0
,53,0.0,0.0,0.0,0.0,0.0,0.0,0.0,0.0,0.0,0.0
Campaña SARS-CoV-2 (AstraZeneca),54,4951.0,4951.0,4617.0,4617.0,199.0,199.0,62164.0,62164.0,0.0,0.0
CanSino,54,0.0,0.0,0.0,0.0,0.0,0.0,0.0,0.0,3933.0,3933.0
Campaña SARS-CoV-2 (Janssen),54,0.0,0.0,0.0,0.0,0.0,0.0,0.0,0.0,0.0,0.0
Campaña SARS-CoV-2 (Moderna),54,0.0,0.0,0.0,0.0,87214.0,87214.0,2775.0,2775.0,0.0,0.0
Campaña SARS-CoV-2 (Pfizer),54,59972.0,59972.0,59353.0,59353.0,108987.0,108987.0,158340.0,158340.0,0.0,0.0
Campaña SARS-CoV-2 (Sinovac),54,170273.0,170273.0,169430.0,169430.0,294.0,294.0,3625.0,3625.0,0.0,0.0
,54,0.0,0.0,0.0,0.0,0.0,0.0,0.0,0.0,0.0,0.0
Campaña SARS-CoV-2 (AstraZeneca),55,5805.0,5805.0,5423.0,5423.0,336.0,336.0,111936.0,111936.0,0.0,0.0
CanSino,55,0.0,0.0,0.0,0.0,0.0,0.0,0.0,0.0,3698.0,3698.0
Campaña SARS-CoV-2 (Janssen),55,0.0,0.0,0.0,0.0,0.0,0.0,0.0,0.0,0.0,0.0
Campaña SARS-CoV-2 (Moderna),55,0.0,0.0,0.0,0.0,76465.0,76465.0,2683.0,2683.0,0.0,0.0
Campaña SARS-CoV-2 (Pfizer),55,56231.0,56231.0,55733.0,55733.0,121449.0,121449.0,107437.0,107437.0,0.0,0.0
Campaña SARS-CoV-2 (Sinovac),55,174218.0,174218.0,173394.0,173394.0,290.0,290.0,6196.0,6196.0,0.0,0.0
,55,0.0,0.0,0.0,0.0,0.0,0.0,0.0,0.0,0.0,0.0
Campaña SARS-CoV-2 (AstraZeneca),56,5321.0,5321.0,4938.0,4938.0,361.0,361.0,115732.0,115732.0,0.0,0.0
CanSino,56,0.0,0.0,0.0,0.0,0.0,0.0,0.0,0.0,3527.0,3527.0
Campaña SARS-CoV-2 (Janssen),56,0.0,0.0,0.0,0.0,0.0,0.0,0.0,0.0,0.0,0.0
Campaña SARS-CoV-2 (Moderna),56,0.0,0.0,0.0,0.0,74314.0,74314.0,2663.0,2663.0,0.0,0.0
Campaña SARS-CoV-2 (Pfizer),56,53219.0,53219.0,52691.0,52691.0,123018.0,123018.0,102301.0,102301.0,0.0,0.0
Campaña SARS-CoV-2 (Sinovac),56,176904.0,176904.0,176027.0,176027.0,355.0,355.0,6474.0,6474.0,0.0,0.0
,56,0.0,0.0,0.0,0.0,0.0,0.0,0.0,0.0,0.0,0.0
Campaña SARS-CoV-2 (AstraZeneca),57,5010.0,5010.0,4655.0,4655.0,387.0,387.0,111690.0,111690.0,0.0,0.0
CanSino,57,0.0,0.0,0.0,0.0,0.0,0.0,0.0,0.0,3202.0,3202.0
Campaña SARS-CoV-2 (Janssen),57,0.0,0.0,0.0,0.0,0.0,0.0,0.0,0.0,0.0,0.0
Campaña SARS-CoV-2 (Moderna),57,0.0,0.0,0.0,0.0,72936.0,72936.0,2356.0,2356.0,0.0,0.0
Campaña SARS-CoV-2 (Pfizer),57,54862.0,54862.0,54423.0,54423.0,121634.0,121634.0,102640.0,102640.0,0.0,0.0
Campaña SARS-CoV-2 (Sinovac),57,171788.0,171788.0,171048.0,171048.0,354.0,354.0,6824.0,6824.0,0.0,0.0
,57,0.0,0.0,0.0,0.0,0.0,0.0,0.0,0.0,0.0,0.0
Campaña SARS-CoV-2 (AstraZeneca),58,4866.0,4866.0,4499.0,4499.0,380.0,380.0,113635.0,113635.0,0.0,0.0
CanSino,58,0.0,0.0,0.0,0.0,0.0,0.0,0.0,0.0,3136.0,3136.0
Campaña SARS-CoV-2 (Janssen),58,0.0,0.0,0.0,0.0,0.0,0.0,0.0,0.0,0.0,0.0
Campaña SARS-CoV-2 (Moderna),58,0.0,0.0,0.0,0.0,70593.0,70593.0,2385.0,2385.0,0.0,0.0
Campaña SARS-CoV-2 (Pfizer),58,52734.0,52734.0,52250.0,52250.0,124366.0,124366.0,100142.0,100142.0,0.0,0.0
Campaña SARS-CoV-2 (Sinovac),58,174138.0,174138.0,173291.0,173291.0,357.0,357.0,7381.0,7381.0,0.0,0.0
,58,0.0,0.0,0.0,0.0,0.0,0.0,0.0,0.0,0.0,0.0
Campaña SARS-CoV-2 (AstraZeneca),59,4210.0,4210.0,3913.0,3913.0,376.0,376.0,110831.0,110831.0,0.0,0.0
CanSino,59,0.0,0.0,0.0,0.0,0.0,0.0,0.0,0.0,2783.0,2783.0
Campaña SARS-CoV-2 (Janssen),59,0.0,0.0,0.0,0.0,0.0,0.0,0.0,0.0,0.0,0.0
Campaña SARS-CoV-2 (Moderna),59,0.0,0.0,0.0,0.0,64788.0,64788.0,2219.0,2219.0,0.0,0.0
Campaña SARS-CoV-2 (Pfizer),59,47733.0,47733.0,47281.0,47281.0,121417.0,121417.0,92546.0,92546.0,0.0,0.0
Campaña SARS-CoV-2 (Sinovac),59,169467.0,169467.0,168720.0,168720.0,352.0,352.0,7692.0,7692.0,0.0,0.0
,59,0.0,0.0,0.0,0.0,0.0,0.0,0.0,0.0,0.0,0.0
Campaña SARS-CoV-2 (AstraZeneca),60,3932.0,3932.0,3609.0,3609.0,518.0,518.0,129715.0,129715.0,0.0,0.0
CanSino,60,0.0,0.0,0.0,0.0,0.0,0.0,0.0,0.0,1325.0,1325.0
Campaña SARS-CoV-2 (Janssen),60,0.0,0.0,0.0,0.0,0.0,0.0,0.0,0.0,0.0,0.0
Campaña SARS-CoV-2 (Moderna),60,0.0,0.0,0.0,0.0,53224.0,53224.0,2025.0,2025.0,0.0,0.0
Campaña SARS-CoV-2 (Pfizer),60,22730.0,22730.0,22337.0,22337.0,130292.0,130292.0,68804.0,68804.0,0.0,0.0
Campaña SARS-CoV-2 (Sinovac),60,192044.0,192044.0,191268.0,191268.0,386.0,386.0,9084.0,9084.0,0.0,0.0
,60,0.0,0.0,0.0,0.0,0.0,0.0,0.0,0.0,0.0,0.0
Campaña SARS-CoV-2 (AstraZeneca),61,3470.0,3470.0,3226.0,3226.0,524.0,524.0,122356.0,122356.0,0.0,0.0
CanSino,61,0.0,0.0,0.0,0.0,0.0,0.0,0.0,0.0,178.0,178.0
Campaña SARS-CoV-2 (Janssen),61,0.0,0.0,0.0,0.0,0.0,0.0,0.0,0.0,0.0,0.0
Campaña SARS-CoV-2 (Moderna),61,0.0,0.0,0.0,0.0,45694.0,45694.0,1804.0,1804.0,0.0,0.0
Campaña SARS-CoV-2 (Pfizer),61,18865.0,18865.0,18462.0,18462.0,124087.0,124087.0,60309.0,60309.0,0.0,0.0
Campaña SARS-CoV-2 (Sinovac),61,180531.0,180531.0,179749.0,179749.0,352.0,352.0,8979.0,8979.0,0.0,0.0
,61,0.0,0.0,0.0,0.0,0.0,0.0,0.0,0.0,0.0,0.0
Campaña SARS-CoV-2 (AstraZeneca),62,3002.0,3002.0,2785.0,2785.0,539.0,539.0,120006.0,120006.0,0.0,0.0
CanSino,62,0.0,0.0,0.0,0.0,0.0,0.0,0.0,0.0,109.0,109.0
Campaña SARS-CoV-2 (Janssen),62,0.0,0.0,0.0,0.0,0.0,0.0,0.0,0.0,0.0,0.0
Campaña SARS-CoV-2 (Moderna),62,0.0,0.0,0.0,0.0,42237.0,42237.0,1637.0,1637.0,0.0,0.0
Campaña SARS-CoV-2 (Pfizer),62,17271.0,17271.0,16935.0,16935.0,123089.0,123089.0,56459.0,56459.0,0.0,0.0
Campaña SARS-CoV-2 (Sinovac),62,176114.0,176114.0,175446.0,175446.0,344.0,344.0,9283.0,9283.0,0.0,0.0
,62,0.0,0.0,0.0,0.0,0.0,0.0,0.0,0.0,0.0,0.0
Campaña SARS-CoV-2 (AstraZeneca),63,2603.0,2603.0,2435.0,2435.0,601.0,601.0,117748.0,117748.0,0.0,0.0
CanSino,63,0.0,0.0,0.0,0.0,0.0,0.0,0.0,0.0,93.0,93.0
Campaña SARS-CoV-2 (Janssen),63,0.0,0.0,0.0,0.0,0.0,0.0,0.0,0.0,0.0,0.0
Campaña SARS-CoV-2 (Moderna),63,0.0,0.0,0.0,0.0,39698.0,39698.0,1551.0,1551.0,0.0,0.0
Campaña SARS-CoV-2 (Pfizer),63,16487.0,16487.0,16184.0,16184.0,122340.0,122340.0,54052.0,54052.0,0.0,0.0
Campaña SARS-CoV-2 (Sinovac),63,172294.0,172294.0,171593.0,171593.0,318.0,318.0,9609.0,9609.0,0.0,0.0
,63,0.0,0.0,0.0,0.0,0.0,0.0,0.0,0.0,0.0,0.0
Campaña SARS-CoV-2 (AstraZeneca),64,2490.0,2490.0,2281.0,2281.0,554.0,554.0,113902.0,113902.0,0.0,0.0
CanSino,64,0.0,0.0,0.0,0.0,0.0,0.0,0.0,0.0,109.0,109.0
Campaña SARS-CoV-2 (Janssen),64,0.0,0.0,0.0,0.0,0.0,0.0,0.0,0.0,0.0,0.0
Campaña SARS-CoV-2 (Moderna),64,0.0,0.0,0.0,0.0,35438.0,35438.0,1392.0,1392.0,0.0,0.0
Campaña SARS-CoV-2 (Pfizer),64,13162.0,13162.0,12898.0,12898.0,119464.0,119464.0,49398.0,49398.0,0.0,0.0
Campaña SARS-CoV-2 (Sinovac),64,166836.0,166836.0,166213.0,166213.0,356.0,356.0,9641.0,9641.0,0.0,0.0
,64,0.0,0.0,0.0,0.0,0.0,0.0,0.0,0.0,0.0,0.0
Campaña SARS-CoV-2 (AstraZeneca),65,1934.0,1934.0,1799.0,1799.0,613.0,613.0,110868.0,110868.0,0.0,0.0
CanSino,65,0.0,0.0,0.0,0.0,0.0,0.0,0.0,0.0,56.0,56.0
Campaña SARS-CoV-2 (Janssen),65,0.0,0.0,0.0,0.0,0.0,0.0,1.0,1.0,0.0,0.0
Campaña SARS-CoV-2 (Moderna),65,0.0,0.0,0.0,0.0,30178.0,30178.0,1205.0,1205.0,0.0,0.0
Campaña SARS-CoV-2 (Pfizer),65,9552.0,9552.0,9298.0,9298.0,117393.0,117393.0,43815.0,43815.0,0.0,0.0
Campaña SARS-CoV-2 (Sinovac),65,162129.0,162129.0,161488.0,161488.0,335.0,335.0,9959.0,9959.0,0.0,0.0
,65,0.0,0.0,0.0,0.0,0.0,0.0,0.0,0.0,0.0,0.0
Campaña SARS-CoV-2 (AstraZeneca),66,1752.0,1752.0,1610.0,1610.0,596.0,596.0,101778.0,101778.0,0.0,0.0
CanSino,66,0.0,0.0,0.0,0.0,0.0,0.0,0.0,0.0,52.0,52.0
Campaña SARS-CoV-2 (Janssen),66,0.0,0.0,0.0,0.0,0.0,0.0,0.0,0.0,0.0,0.0
Campaña SARS-CoV-2 (Moderna),66,0.0,0.0,0.0,0.0,25830.0,25830.0,1078.0,1078.0,0.0,0.0
Campaña SARS-CoV-2 (Pfizer),66,7636.0,7636.0,7464.0,7464.0,109014.0,109014.0,39034.0,39034.0,0.0,0.0
Campaña SARS-CoV-2 (Sinovac),66,148975.0,148975.0,148388.0,148388.0,326.0,326.0,9331.0,9331.0,0.0,0.0
,66,0.0,0.0,0.0,0.0,0.0,0.0,0.0,0.0,0.0,0.0
Campaña SARS-CoV-2 (AstraZeneca),67,1423.0,1423.0,1308.0,1308.0,622.0,622.0,101958.0,101958.0,0.0,0.0
CanSino,67,0.0,0.0,0.0,0.0,0.0,0.0,0.0,0.0,36.0,36.0
Campaña SARS-CoV-2 (Janssen),67,0.0,0.0,0.0,0.0,0.0,0.0,0.0,0.0,0.0,0.0
Campaña SARS-CoV-2 (Moderna),67,0.0,0.0,0.0,0.0,23986.0,23986.0,992.0,992.0,0.0,0.0
Campaña SARS-CoV-2 (Pfizer),67,6848.0,6848.0,6649.0,6649.0,109937.0,109937.0,37283.0,37283.0,0.0,0.0
Campaña SARS-CoV-2 (Sinovac),67,148341.0,148341.0,147755.0,147755.0,311.0,311.0,9618.0,9618.0,0.0,0.0
,67,0.0,0.0,0.0,0.0,0.0,0.0,0.0,0.0,0.0,0.0
Campaña SARS-CoV-2 (AstraZeneca),68,1367.0,1367.0,1241.0,1241.0,537.0,537.0,93076.0,93076.0,0.0,0.0
CanSino,68,0.0,0.0,0.0,0.0,0.0,0.0,0.0,0.0,41.0,41.0
Campaña SARS-CoV-2 (Janssen),68,0.0,0.0,0.0,0.0,0.0,0.0,0.0,0.0,0.0,0.0
Campaña SARS-CoV-2 (Moderna),68,0.0,0.0,0.0,0.0,20808.0,20808.0,912.0,912.0,0.0,0.0
Campaña SARS-CoV-2 (Pfizer),68,6197.0,6197.0,6039.0,6039.0,101967.0,101967.0,33997.0,33997.0,0.0,0.0
Campaña SARS-CoV-2 (Sinovac),68,136285.0,136285.0,135737.0,135737.0,283.0,283.0,9404.0,9404.0,0.0,0.0
,68,0.0,0.0,0.0,0.0,0.0,0.0,0.0,0.0,0.0,0.0
Campaña SARS-CoV-2 (AstraZeneca),69,1190.0,1190.0,1096.0,1096.0,516.0,516.0,86752.0,86752.0,0.0,0.0
CanSino,69,0.0,0.0,0.0,0.0,0.0,0.0,0.0,0.0,31.0,31.0
Campaña SARS-CoV-2 (Janssen),69,0.0,0.0,0.0,0.0,0.0,0.0,0.0,0.0,0.0,0.0
Campaña SARS-CoV-2 (Moderna),69,0.0,0.0,0.0,0.0,18334.0,18334.0,820.0,820.0,0.0,0.0
Campaña SARS-CoV-2 (Pfizer),69,5258.0,5258.0,5122.0,5122.0,95562.0,95562.0,30587.0,30587.0,0.0,0.0
Campaña SARS-CoV-2 (Sinovac),69,126933.0,126933.0,126384.0,126384.0,242.0,242.0,9135.0,9135.0,0.0,0.0
,69,0.0,0.0,0.0,0.0,0.0,0.0,0.0,0.0,0.0,0.0
Campaña SARS-CoV-2 (AstraZeneca),70,974.0,974.0,894.0,894.0,526.0,526.0,82156.0,82156.0,0.0,0.0
CanSino,70,0.0,0.0,0.0,0.0,0.0,0.0,0.0,0.0,25.0,25.0
Campaña SARS-CoV-2 (Janssen),70,0.0,0.0,0.0,0.0,0.0,0.0,0.0,0.0,0.0,0.0
Campaña SARS-CoV-2 (Moderna),70,0.0,0.0,0.0,0.0,16336.0,16336.0,742.0,742.0,0.0,0.0
Campaña SARS-CoV-2 (Pfizer),70,4588.0,4588.0,4448.0,4448.0,90816.0,90816.0,28419.0,28419.0,0.0,0.0
Campaña SARS-CoV-2 (Sinovac),70,120059.0,120059.0,119559.0,119559.0,227.0,227.0,8557.0,8557.0,0.0,0.0
,70,0.0,0.0,0.0,0.0,0.0,0.0,0.0,0.0,0.0,0.0
Campaña SARS-CoV-2 (AstraZeneca),71,965.0,965.0,890.0,890.0,547.0,547.0,79726.0,79726.0,0.0,0.0
CanSino,71,0.0,0.0,0.0,0.0,0.0,0.0,0.0,0.0,17.0,17.0
Campaña SARS-CoV-2 (Janssen),71,0.0,0.0,0.0,0.0,0.0,0.0,0.0,0.0,0.0,0.0
Campaña SARS-CoV-2 (Moderna),71,0.0,0.0,0.0,0.0,14412.0,14412.0,653.0,653.0,0.0,0.0
Campaña SARS-CoV-2 (Pfizer),71,4164.0,4164.0,3999.0,3999.0,88446.0,88446.0,26858.0,26858.0,0.0,0.0
Campaña SARS-CoV-2 (Sinovac),71,115859.0,115859.0,115336.0,115336.0,216.0,216.0,7808.0,7808.0,0.0,0.0
,71,0.0,0.0,0.0,0.0,0.0,0.0,0.0,0.0,0.0,0.0
Campaña SARS-CoV-2 (AstraZeneca),72,813.0,813.0,760.0,760.0,512.0,512.0,76613.0,76613.0,0.0,0.0
CanSino,72,0.0,0.0,0.0,0.0,0.0,0.0,0.0,0.0,17.0,17.0
Campaña SARS-CoV-2 (Janssen),72,0.0,0.0,0.0,0.0,0.0,0.0,0.0,0.0,0.0,0.0
Campaña SARS-CoV-2 (Moderna),72,0.0,0.0,0.0,0.0,13091.0,13091.0,649.0,649.0,0.0,0.0
Campaña SARS-CoV-2 (Pfizer),72,3695.0,3695.0,3594.0,3594.0,85387.0,85387.0,25427.0,25427.0,0.0,0.0
Campaña SARS-CoV-2 (Sinovac),72,111426.0,111426.0,110929.0,110929.0,199.0,199.0,7596.0,7596.0,0.0,0.0
,72,0.0,0.0,0.0,0.0,0.0,0.0,0.0,0.0,0.0,0.0
Campaña SARS-CoV-2 (AstraZeneca),73,803.0,803.0,730.0,730.0,421.0,421.0,71739.0,71739.0,0.0,0.0
CanSino,73,0.0,0.0,0.0,0.0,0.0,0.0,0.0,0.0,22.0,22.0
Campaña SARS-CoV-2 (Janssen),73,0.0,0.0,0.0,0.0,0.0,0.0,0.0,0.0,0.0,0.0
Campaña SARS-CoV-2 (Moderna),73,0.0,0.0,0.0,0.0,12254.0,12254.0,645.0,645.0,0.0,0.0
Campaña SARS-CoV-2 (Pfizer),73,3481.0,3481.0,3337.0,3337.0,80344.0,80344.0,24365.0,24365.0,0.0,0.0
Campaña SARS-CoV-2 (Sinovac),73,105498.0,105498.0,104962.0,104962.0,185.0,185.0,7271.0,7271.0,0.0,0.0
,73,0.0,0.0,0.0,0.0,0.0,0.0,0.0,0.0,0.0,0.0
Campaña SARS-CoV-2 (AstraZeneca),74,678.0,678.0,629.0,629.0,418.0,418.0,66543.0,66543.0,0.0,0.0
CanSino,74,0.0,0.0,0.0,0.0,0.0,0.0,0.0,0.0,13.0,13.0
Campaña SARS-CoV-2 (Janssen),74,0.0,0.0,0.0,0.0,0.0,0.0,0.0,0.0,0.0,0.0
Campaña SARS-CoV-2 (Moderna),74,0.0,0.0,0.0,0.0,11229.0,11229.0,592.0,592.0,0.0,0.0
Campaña SARS-CoV-2 (Pfizer),74,3317.0,3317.0,3190.0,3190.0,75229.0,75229.0,23457.0,23457.0,0.0,0.0
Campaña SARS-CoV-2 (Sinovac),74,99392.0,99392.0,98910.0,98910.0,168.0,168.0,7106.0,7106.0,0.0,0.0
,74,0.0,0.0,0.0,0.0,0.0,0.0,0.0,0.0,0.0,0.0
Campaña SARS-CoV-2 (AstraZeneca),75,598.0,598.0,552.0,552.0,402.0,402.0,62026.0,62026.0,0.0,0.0
CanSino,75,0.0,0.0,0.0,0.0,0.0,0.0,0.0,0.0,9.0,9.0
Campaña SARS-CoV-2 (Janssen),75,0.0,0.0,0.0,0.0,0.0,0.0,0.0,0.0,0.0,0.0
Campaña SARS-CoV-2 (Moderna),75,0.0,0.0,0.0,0.0,10020.0,10020.0,566.0,566.0,0.0,0.0
Campaña SARS-CoV-2 (Pfizer),75,2968.0,2968.0,2830.0,2830.0,70623.0,70623.0,22149.0,22149.0,0.0,0.0
Campaña SARS-CoV-2 (Sinovac),75,93583.0,93583.0,93073.0,93073.0,157.0,157.0,6817.0,6817.0,0.0,0.0
,75,0.0,0.0,0.0,0.0,0.0,0.0,0.0,0.0,0.0,0.0
Campaña SARS-CoV-2 (AstraZeneca),76,558.0,558.0,500.0,500.0,378.0,378.0,57639.0,57639.0,0.0,0.0
CanSino,76,0.0,0.0,0.0,0.0,0.0,0.0,0.0,0.0,8.0,8.0
Campaña SARS-CoV-2 (Janssen),76,0.0,0.0,0.0,0.0,0.0,0.0,0.0,0.0,0.0,0.0
Campaña SARS-CoV-2 (Moderna),76,0.0,0.0,0.0,0.0,9363.0,9363.0,541.0,541.0,0.0,0.0
Campaña SARS-CoV-2 (Pfizer),76,2798.0,2798.0,2665.0,2665.0,65947.0,65947.0,20978.0,20978.0,0.0,0.0
Campaña SARS-CoV-2 (Sinovac),76,88194.0,88194.0,87679.0,87679.0,162.0,162.0,6660.0,6660.0,0.0,0.0
,76,0.0,0.0,0.0,0.0,0.0,0.0,0.0,0.0,0.0,0.0
Campaña SARS-CoV-2 (AstraZeneca),77,492.0,492.0,461.0,461.0,310.0,310.0,51586.0,51586.0,0.0,0.0
CanSino,77,0.0,0.0,0.0,0.0,0.0,0.0,0.0,0.0,10.0,10.0
Campaña SARS-CoV-2 (Janssen),77,0.0,0.0,0.0,0.0,0.0,0.0,0.0,0.0,0.0,0.0
Campaña SARS-CoV-2 (Moderna),77,0.0,0.0,0.0,0.0,8157.0,8157.0,481.0,481.0,0.0,0.0
Campaña SARS-CoV-2 (Pfizer),77,2442.0,2442.0,2316.0,2316.0,59775.0,59775.0,19404.0,19404.0,0.0,0.0
Campaña SARS-CoV-2 (Sinovac),77,80296.0,80296.0,79808.0,79808.0,138.0,138.0,6308.0,6308.0,0.0,0.0
,77,0.0,0.0,0.0,0.0,0.0,0.0,0.0,0.0,0.0,0.0
Campaña SARS-CoV-2 (AstraZeneca),78,394.0,394.0,361.0,361.0,310.0,310.0,48144.0,48144.0,0.0,0.0
CanSino,78,0.0,0.0,0.0,0.0,0.0,0.0,0.0,0.0,11.0,11.0
Campaña SARS-CoV-2 (Janssen),78,0.0,0.0,0.0,0.0,0.0,0.0,0.0,0.0,0.0,0.0
Campaña SARS-CoV-2 (Moderna),78,0.0,0.0,0.0,0.0,7432.0,7432.0,459.0,459.0,0.0,0.0
Campaña SARS-CoV-2 (Pfizer),78,2349.0,2349.0,2239.0,2239.0,55484.0,55484.0,18349.0,18349.0,0.0,0.0
Campaña SARS-CoV-2 (Sinovac),78,75511.0,75511.0,75020.0,75020.0,120.0,120.0,5746.0,5746.0,0.0,0.0
,78,0.0,0.0,0.0,0.0,0.0,0.0,0.0,0.0,0.0,0.0
Campaña SARS-CoV-2 (AstraZeneca),79,420.0,420.0,376.0,376.0,290.0,290.0,43016.0,43016.0,0.0,0.0
CanSino,79,0.0,0.0,0.0,0.0,0.0,0.0,0.0,0.0,5.0,5.0
Campaña SARS-CoV-2 (Janssen),79,0.0,0.0,0.0,0.0,0.0,0.0,0.0,0.0,0.0,0.0
Campaña SARS-CoV-2 (Moderna),79,0.0,0.0,0.0,0.0,6605.0,6605.0,462.0,462.0,0.0,0.0
Campaña SARS-CoV-2 (Pfizer),79,2085.0,2085.0,1946.0,1946.0,50217.0,50217.0,17284.0,17284.0,0.0,0.0
Campaña SARS-CoV-2 (Sinovac),79,69077.0,69077.0,68580.0,68580.0,118.0,118.0,5352.0,5352.0,0.0,0.0
,79,0.0,0.0,0.0,0.0,0.0,0.0,0.0,0.0,0.0,0.0
Campaña SARS-CoV-2 (AstraZeneca),80,339.0,339.0,303.0,303.0,257.0,257.0,39589.0,39589.0,0.0,0.0
CanSino,80,0.0,0.0,0.0,0.0,0.0,0.0,0.0,0.0,2.0,2.0
Campaña SARS-CoV-2 (Janssen),80,0.0,0.0,0.0,0.0,0.0,0.0,0.0,0.0,0.0,0.0
Campaña SARS-CoV-2 (Moderna),80,0.0,0.0,0.0,0.0,6018.0,6018.0,393.0,393.0,0.0,0.0
Campaña SARS-CoV-2 (Pfizer),80,1819.0,1819.0,1722.0,1722.0,46612.0,46612.0,16546.0,16546.0,0.0,0.0
Campaña SARS-CoV-2 (Sinovac),80,65045.0,65045.0,64540.0,64540.0,105.0,105.0,5117.0,5117.0,0.0,0.0
,80,0.0,0.0,0.0,0.0,0.0,0.0,0.0,0.0,0.0,0.0
Campaña SARS-CoV-2 (AstraZeneca),81,294.0,294.0,260.0,260.0,223.0,223.0,34420.0,34420.0,0.0,0.0
CanSino,81,0.0,0.0,0.0,0.0,0.0,0.0,0.0,0.0,3.0,3.0
Campaña SARS-CoV-2 (Janssen),81,0.0,0.0,0.0,0.0,0.0,0.0,0.0,0.0,0.0,0.0
Campaña SARS-CoV-2 (Moderna),81,0.0,0.0,0.0,0.0,5049.0,5049.0,384.0,384.0,0.0,0.0
Campaña SARS-CoV-2 (Pfizer),81,1658.0,1658.0,1554.0,1554.0,40702.0,40702.0,14520.0,14520.0,0.0,0.0
Campaña SARS-CoV-2 (Sinovac),81,57283.0,57283.0,56793.0,56793.0,83.0,83.0,4603.0,4603.0,0.0,0.0
,81,0.0,0.0,0.0,0.0,0.0,0.0,0.0,0.0,0.0,0.0
Campaña SARS-CoV-2 (AstraZeneca),82,234.0,234.0,208.0,208.0,175.0,175.0,29666.0,29666.0,0.0,0.0
CanSino,82,0.0,0.0,0.0,0.0,0.0,0.0,0.0,0.0,8.0,8.0
Campaña SARS-CoV-2 (Janssen),82,0.0,0.0,0.0,0.0,0.0,0.0,0.0,0.0,0.0,0.0
Campaña SARS-CoV-2 (Moderna),82,0.0,0.0,0.0,0.0,4374.0,4374.0,315.0,315.0,0.0,0.0
Campaña SARS-CoV-2 (Pfizer),82,1395.0,1395.0,1296.0,1296.0,34706.0,34706.0,12585.0,12585.0,0.0,0.0
Campaña SARS-CoV-2 (Sinovac),82,49821.0,49821.0,49410.0,49410.0,113.0,113.0,3966.0,3966.0,0.0,0.0
,82,0.0,0.0,0.0,0.0,0.0,0.0,0.0,0.0,0.0,0.0
Campaña SARS-CoV-2 (AstraZeneca),83,205.0,205.0,190.0,190.0,152.0,152.0,26392.0,26392.0,0.0,0.0
CanSino,83,0.0,0.0,0.0,0.0,0.0,0.0,0.0,0.0,2.0,2.0
Campaña SARS-CoV-2 (Janssen),83,0.0,0.0,0.0,0.0,0.0,0.0,0.0,0.0,0.0,0.0
Campaña SARS-CoV-2 (Moderna),83,0.0,0.0,0.0,0.0,3799.0,3799.0,314.0,314.0,0.0,0.0
Campaña SARS-CoV-2 (Pfizer),83,1299.0,1299.0,1202.0,1202.0,30994.0,30994.0,11419.0,11419.0,0.0,0.0
Campaña SARS-CoV-2 (Sinovac),83,45169.0,45169.0,44762.0,44762.0,71.0,71.0,3747.0,3747.0,0.0,0.0
,83,0.0,0.0,0.0,0.0,0.0,0.0,0.0,0.0,0.0,0.0
Campaña SARS-CoV-2 (AstraZeneca),84,159.0,159.0,141.0,141.0,127.0,127.0,23408.0,23408.0,0.0,0.0
CanSino,84,0.0,0.0,0.0,0.0,0.0,0.0,0.0,0.0,2.0,2.0
Campaña SARS-CoV-2 (Janssen),84,0.0,0.0,0.0,0.0,0.0,0.0,0.0,0.0,0.0,0.0
Campaña SARS-CoV-2 (Moderna),84,0.0,0.0,0.0,0.0,3358.0,3358.0,295.0,295.0,0.0,0.0
Campaña SARS-CoV-2 (Pfizer),84,1203.0,1203.0,1115.0,1115.0,27738.0,27738.0,10499.0,10499.0,0.0,0.0
Campaña SARS-CoV-2 (Sinovac),84,41088.0,41088.0,40681.0,40681.0,72.0,72.0,3525.0,3525.0,0.0,0.0
,84,0.0,0.0,0.0,0.0,0.0,0.0,0.0,0.0,0.0,0.0
Campaña SARS-CoV-2 (AstraZeneca),85,144.0,144.0,124.0,124.0,104.0,104.0,20478.0,20478.0,0.0,0.0
CanSino,85,0.0,0.0,0.0,0.0,0.0,0.0,0.0,0.0,1.0,1.0
Campaña SARS-CoV-2 (Janssen),85,0.0,0.0,0.0,0.0,0.0,0.0,0.0,0.0,0.0,0.0
Campaña SARS-CoV-2 (Moderna),85,0.0,0.0,0.0,0.0,2904.0,2904.0,239.0,239.0,0.0,0.0
Campaña SARS-CoV-2 (Pfizer),85,1011.0,1011.0,945.0,945.0,24262.0,24262.0,9475.0,9475.0,0.0,0.0
Campaña SARS-CoV-2 (Sinovac),85,36515.0,36515.0,36109.0,36109.0,53.0,53.0,3082.0,3082.0,0.0,0.0
,85,0.0,0.0,0.0,0.0,0.0,0.0,0.0,0.0,0.0,0.0
Campaña SARS-CoV-2 (AstraZeneca),86,135.0,135.0,120.0,120.0,100.0,100.0,18041.0,18041.0,0.0,0.0
CanSino,86,0.0,0.0,0.0,0.0,0.0,0.0,0.0,0.0,1.0,1.0
Campaña SARS-CoV-2 (Janssen),86,0.0,0.0,0.0,0.0,0.0,0.0,0.0,0.0,0.0,0.0
Campaña SARS-CoV-2 (Moderna),86,0.0,0.0,0.0,0.0,2515.0,2515.0,220.0,220.0,0.0,0.0
Campaña SARS-CoV-2 (Pfizer),86,941.0,941.0,861.0,861.0,21239.0,21239.0,8432.0,8432.0,0.0,0.0
Campaña SARS-CoV-2 (Sinovac),86,32784.0,32784.0,32384.0,32384.0,65.0,65.0,2873.0,2873.0,0.0,0.0
,86,0.0,0.0,0.0,0.0,0.0,0.0,0.0,0.0,0.0,0.0
Campaña SARS-CoV-2 (AstraZeneca),87,118.0,118.0,107.0,107.0,77.0,77.0,15140.0,15140.0,0.0,0.0
CanSino,87,0.0,0.0,0.0,0.0,0.0,0.0,0.0,0.0,5.0,5.0
Campaña SARS-CoV-2 (Janssen),87,0.0,0.0,0.0,0.0,0.0,0.0,0.0,0.0,0.0,0.0
Campaña SARS-CoV-2 (Moderna),87,0.0,0.0,0.0,0.0,2140.0,2140.0,191.0,191.0,0.0,0.0
Campaña SARS-CoV-2 (Pfizer),87,837.0,837.0,763.0,763.0,17921.0,17921.0,7286.0,7286.0,0.0,0.0
Campaña SARS-CoV-2 (Sinovac),87,28185.0,28185.0,27848.0,27848.0,45.0,45.0,2530.0,2530.0,0.0,0.0
,87,0.0,0.0,0.0,0.0,0.0,0.0,0.0,0.0,0.0,0.0
Campaña SARS-CoV-2 (AstraZeneca),88,105.0,105.0,92.0,92.0,61.0,61.0,13417.0,13417.0,0.0,0.0
CanSino,88,0.0,0.0,0.0,0.0,0.0,0.0,0.0,0.0,2.0,2.0
Campaña SARS-CoV-2 (Janssen),88,0.0,0.0,0.0,0.0,0.0,0.0,0.0,0.0,0.0,0.0
Campaña SARS-CoV-2 (Moderna),88,0.0,0.0,0.0,0.0,1906.0,1906.0,180.0,180.0,0.0,0.0
Campaña SARS-CoV-2 (Pfizer),88,671.0,671.0,612.0,612.0,16096.0,16096.0,6803.0,6803.0,0.0,0.0
Campaña SARS-CoV-2 (Sinovac),88,26077.0,26077.0,25709.0,25709.0,42.0,42.0,2506.0,2506.0,0.0,0.0
,88,0.0,0.0,0.0,0.0,0.0,0.0,0.0,0.0,0.0,0.0
Campaña SARS-CoV-2 (AstraZeneca),89,95.0,95.0,74.0,74.0,41.0,41.0,11598.0,11598.0,0.0,0.0
CanSino,89,0.0,0.0,0.0,0.0,0.0,0.0,0.0,0.0,3.0,3.0
Campaña SARS-CoV-2 (Janssen),89,0.0,0.0,0.0,0.0,0.0,0.0,0.0,0.0,0.0,0.0
Campaña SARS-CoV-2 (Moderna),89,0.0,0.0,0.0,0.0,1582.0,1582.0,158.0,158.0,0.0,0.0
Campaña SARS-CoV-2 (Pfizer),89,559.0,559.0,509.0,509.0,13800.0,13800.0,5620.0,5620.0,0.0,0.0
Campaña SARS-CoV-2 (Sinovac),89,22575.0,22575.0,22236.0,22236.0,40.0,40.0,2154.0,2154.0,0.0,0.0
,89,0.0,0.0,0.0,0.0,0.0,0.0,0.0,0.0,0.0,0.0
Campaña SARS-CoV-2 (AstraZeneca),90,53.0,53.0,42.0,42.0,39.0,39.0,9977.0,9977.0,0.0,0.0
CanSino,90,0.0,0.0,0.0,0.0,0.0,0.0,0.0,0.0,1.0,1.0
Campaña SARS-CoV-2 (Janssen),90,0.0,0.0,0.0,0.0,0.0,0.0,0.0,0.0,0.0,0.0
Campaña SARS-CoV-2 (Moderna),90,0.0,0.0,0.0,0.0,1344.0,1344.0,153.0,153.0,0.0,0.0
Campaña SARS-CoV-2 (Pfizer),90,547.0,547.0,493.0,493.0,11969.0,11969.0,5273.0,5273.0,0.0,0.0
Campaña SARS-CoV-2 (Sinovac),90,20531.0,20531.0,20198.0,20198.0,30.0,30.0,2099.0,2099.0,0.0,0.0
,90,0.0,0.0,0.0,0.0,0.0,0.0,0.0,0.0,0.0,0.0
Campaña SARS-CoV-2 (AstraZeneca),91,53.0,53.0,45.0,45.0,32.0,32.0,7963.0,7963.0,0.0,0.0
CanSino,91,0.0,0.0,0.0,0.0,0.0,0.0,0.0,0.0,3.0,3.0
Campaña SARS-CoV-2 (Janssen),91,0.0,0.0,0.0,0.0,0.0,0.0,0.0,0.0,0.0,0.0
Campaña SARS-CoV-2 (Moderna),91,0.0,0.0,0.0,0.0,1006.0,1006.0,143.0,143.0,0.0,0.0
Campaña SARS-CoV-2 (Pfizer),91,447.0,447.0,400.0,400.0,9524.0,9524.0,4155.0,4155.0,0.0,0.0
Campaña SARS-CoV-2 (Sinovac),91,16698.0,16698.0,16377.0,16377.0,23.0,23.0,1748.0,1748.0,0.0,0.0
,91,0.0,0.0,0.0,0.0,0.0,0.0,0.0,0.0,0.0,0.0
Campaña SARS-CoV-2 (AstraZeneca),92,41.0,41.0,35.0,35.0,22.0,22.0,6358.0,6358.0,0.0,0.0
CanSino,92,0.0,0.0,0.0,0.0,0.0,0.0,0.0,0.0,0.0,0.0
Campaña SARS-CoV-2 (Janssen),92,0.0,0.0,0.0,0.0,0.0,0.0,0.0,0.0,0.0,0.0
Campaña SARS-CoV-2 (Moderna),92,0.0,0.0,0.0,0.0,813.0,813.0,105.0,105.0,0.0,0.0
Campaña SARS-CoV-2 (Pfizer),92,317.0,317.0,272.0,272.0,7592.0,7592.0,3254.0,3254.0,0.0,0.0
Campaña SARS-CoV-2 (Sinovac),92,13532.0,13532.0,13251.0,13251.0,24.0,24.0,1542.0,1542.0,0.0,0.0
,92,0.0,0.0,0.0,0.0,0.0,0.0,0.0,0.0,0.0,0.0
Campaña SARS-CoV-2 (AstraZeneca),93,31.0,31.0,26.0,26.0,18.0,18.0,4651.0,4651.0,0.0,0.0
CanSino,93,0.0,0.0,0.0,0.0,0.0,0.0,0.0,0.0,0.0,0.0
Campaña SARS-CoV-2 (Janssen),93,0.0,0.0,0.0,0.0,0.0,0.0,0.0,0.0,0.0,0.0
Campaña SARS-CoV-2 (Moderna),93,0.0,0.0,0.0,0.0,594.0,594.0,82.0,82.0,0.0,0.0
Campaña SARS-CoV-2 (Pfizer),93,264.0,264.0,238.0,238.0,5611.0,5611.0,2593.0,2593.0,0.0,0.0
Campaña SARS-CoV-2 (Sinovac),93,10382.0,10382.0,10179.0,10179.0,18.0,18.0,1131.0,1131.0,0.0,0.0
,93,0.0,0.0,0.0,0.0,0.0,0.0,0.0,0.0,0.0,0.0
Campaña SARS-CoV-2 (AstraZeneca),94,29.0,29.0,24.0,24.0,10.0,10.0,3291.0,3291.0,0.0,0.0
CanSino,94,0.0,0.0,0.0,0.0,0.0,0.0,0.0,0.0,1.0,1.0
Campaña SARS-CoV-2 (Janssen),94,0.0,0.0,0.0,0.0,0.0,0.0,0.0,0.0,0.0,0.0
Campaña SARS-CoV-2 (Moderna),94,0.0,0.0,0.0,0.0,425.0,425.0,53.0,53.0,0.0,0.0
Campaña SARS-CoV-2 (Pfizer),94,185.0,185.0,164.0,164.0,3872.0,3872.0,1757.0,1757.0,0.0,0.0
Campaña SARS-CoV-2 (Sinovac),94,7411.0,7411.0,7244.0,7244.0,11.0,11.0,868.0,868.0,0.0,0.0
,94,0.0,0.0,0.0,0.0,0.0,0.0,0.0,0.0,0.0,0.0
Campaña SARS-CoV-2 (AstraZeneca),95,17.0,17.0,10.0,10.0,13.0,13.0,2345.0,2345.0,0.0,0.0
CanSino,95,0.0,0.0,0.0,0.0,0.0,0.0,0.0,0.0,1.0,1.0
Campaña SARS-CoV-2 (Janssen),95,0.0,0.0,0.0,0.0,0.0,0.0,0.0,0.0,0.0,0.0
Campaña SARS-CoV-2 (Moderna),95,0.0,0.0,0.0,0.0,273.0,273.0,38.0,38.0,0.0,0.0
Campaña SARS-CoV-2 (Pfizer),95,128.0,128.0,114.0,114.0,2697.0,2697.0,1255.0,1255.0,0.0,0.0
Campaña SARS-CoV-2 (Sinovac),95,5457.0,5457.0,5327.0,5327.0,5.0,5.0,629.0,629.0,0.0,0.0
,95,0.0,0.0,0.0,0.0,0.0,0.0,0.0,0.0,0.0,0.0
Campaña SARS-CoV-2 (AstraZeneca),96,10.0,10.0,10.0,10.0,4.0,4.0,1795.0,1795.0,0.0,0.0
CanSino,96,0.0,0.0,0.0,0.0,0.0,0.0,0.0,0.0,0.0,0.0
Campaña SARS-CoV-2 (Janssen),96,0.0,0.0,0.0,0.0,0.0,0.0,0.0,0.0,0.0,0.0
Campaña SARS-CoV-2 (Moderna),96,0.0,0.0,0.0,0.0,200.0,200.0,28.0,28.0,0.0,0.0
Campaña SARS-CoV-2 (Pfizer),96,108.0,108.0,98.0,98.0,2145.0,2145.0,998.0,998.0,0.0,0.0
Campaña SARS-CoV-2 (Sinovac),96,4295.0,4295.0,4179.0,4179.0,6.0,6.0,513.0,513.0,0.0,0.0
,96,0.0,0.0,0.0,0.0,0.0,0.0,0.0,0.0,0.0,0.0
Campaña SARS-CoV-2 (AstraZeneca),97,15.0,15.0,12.0,12.0,1.0,1.0,1190.0,1190.0,0.0,0.0
CanSino,97,0.0,0.0,0.0,0.0,0.0,0.0,0.0,0.0,0.0,0.0
Campaña SARS-CoV-2 (Janssen),97,0.0,0.0,0.0,0.0,0.0,0.0,0.0,0.0,0.0,0.0
Campaña SARS-CoV-2 (Moderna),97,0.0,0.0,0.0,0.0,129.0,129.0,18.0,18.0,0.0,0.0
Campaña SARS-CoV-2 (Pfizer),97,70.0,70.0,59.0,59.0,1379.0,1379.0,635.0,635.0,0.0,0.0
Campaña SARS-CoV-2 (Sinovac),97,2901.0,2901.0,2838.0,2838.0,10.0,10.0,364.0,364.0,0.0,0.0
,97,0.0,0.0,0.0,0.0,0.0,0.0,0.0,0.0,0.0,0.0
Campaña SARS-CoV-2 (AstraZeneca),98,6.0,6.0,6.0,6.0,3.0,3.0,824.0,824.0,0.0,0.0
CanSino,98,0.0,0.0,0.0,0.0,0.0,0.0,0.0,0.0,0.0,0.0
Campaña SARS-CoV-2 (Janssen),98,0.0,0.0,0.0,0.0,0.0,0.0,0.0,0.0,0.0,0.0
Campaña SARS-CoV-2 (Moderna),98,0.0,0.0,0.0,0.0,89.0,89.0,10.0,10.0,0.0,0.0
Campaña SARS-CoV-2 (Pfizer),98,54.0,54.0,41.0,41.0,961.0,961.0,452.0,452.0,0.0,0.0
Campaña SARS-CoV-2 (Sinovac),98,2103.0,2103.0,2030.0,2030.0,0.0,0.0,263.0,263.0,0.0,0.0
,98,0.0,0.0,0.0,0.0,0.0,0.0,0.0,0.0,0.0,0.0
Campaña SARS-CoV-2 (AstraZeneca),99,1.0,1.0,1.0,1.0,1.0,1.0,523.0,523.0,0.0,0.0
CanSino,99,0.0,0.0,0.0,0.0,0.0,0.0,0.0,0.0,1.0,1.0
Campaña SARS-CoV-2 (Janssen),99,0.0,0.0,0.0,0.0,0.0,0.0,0.0,0.0,0.0,0.0
Campaña SARS-CoV-2 (Moderna),99,0.0,0.0,0.0,0.0,49.0,49.0,2.0,2.0,0.0,0.0
Campaña SARS-CoV-2 (Pfizer),99,26.0,26.0,22.0,22.0,590.0,590.0,287.0,287.0,0.0,0.0
Campaña SARS-CoV-2 (Sinovac),99,1351.0,1351.0,1312.0,1312.0,2.0,2.0,164.0,164.0,0.0,0.0
,99,0.0,0.0,0.0,0.0,0.0,0.0,0.0,0.0,0.0,0.0
Campaña SARS-CoV-2 (AstraZeneca),100,1.0,1.0,1.0,1.0,0.0,0.0,328.0,328.0,0.0,0.0
CanSino,100,0.0,0.0,0.0,0.0,0.0,0.0,0.0,0.0,0.0,0.0
Campaña SARS-CoV-2 (Janssen),100,0.0,0.0,0.0,0.0,0.0,0.0,0.0,0.0,0.0,0.0
Campaña SARS-CoV-2 (Moderna),100,0.0,0.0,0.0,0.0,32.0,32.0,4.0,4.0,0.0,0.0
Campaña SARS-CoV-2 (Pfizer),100,21.0,21.0,16.0,16.0,357.0,357.0,189.0,189.0,0.0,0.0
Campaña SARS-CoV-2 (Sinovac),100,909.0,909.0,881.0,881.0,3.0,3.0,113.0,113.0,0.0,0.0
,100,0.0,0.0,0.0,0.0,0.0,0.0,0.0,0.0,0.0,0.0
Campaña SARS-CoV-2 (AstraZeneca),101,0.0,0.0,0.0,0.0,0.0,0.0,192.0,192.0,0.0,0.0
CanSino,101,0.0,0.0,0.0,0.0,0.0,0.0,0.0,0.0,1.0,1.0
Campaña SARS-CoV-2 (Janssen),101,0.0,0.0,0.0,0.0,0.0,0.0,0.0,0.0,0.0,0.0
Campaña SARS-CoV-2 (Moderna),101,0.0,0.0,0.0,0.0,13.0,13.0,4.0,4.0,0.0,0.0
Campaña SARS-CoV-2 (Pfizer),101,14.0,14.0,11.0,11.0,200.0,200.0,112.0,112.0,0.0,0.0
Campaña SARS-CoV-2 (Sinovac),101,544.0,544.0,521.0,521.0,1.0,1.0,71.0,71.0,0.0,0.0
,101,0.0,0.0,0.0,0.0,0.0,0.0,0.0,0.0,0.0,0.0
Campaña SARS-CoV-2 (AstraZeneca),102,0.0,0.0,0.0,0.0,0.0,0.0,123.0,123.0,0.0,0.0
CanSino,102,0.0,0.0,0.0,0.0,0.0,0.0,0.0,0.0,0.0,0.0
Campaña SARS-CoV-2 (Janssen),102,0.0,0.0,0.0,0.0,0.0,0.0,0.0,0.0,0.0,0.0
Campaña SARS-CoV-2 (Moderna),102,0.0,0.0,0.0,0.0,13.0,13.0,2.0,2.0,0.0,0.0
Campaña SARS-CoV-2 (Pfizer),102,8.0,8.0,6.0,6.0,137.0,137.0,57.0,57.0,0.0,0.0
Campaña SARS-CoV-2 (Sinovac),102,335.0,335.0,324.0,324.0,2.0,2.0,47.0,47.0,0.0,0.0
,102,0.0,0.0,0.0,0.0,0.0,0.0,0.0,0.0,0.0,0.0
Campaña SARS-CoV-2 (AstraZeneca),103,0.0,0.0,0.0,0.0,0.0,0.0,72.0,72.0,0.0,0.0
CanSino,103,0.0,0.0,0.0,0.0,0.0,0.0,0.0,0.0,0.0,0.0
Campaña SARS-CoV-2 (Janssen),103,0.0,0.0,0.0,0.0,0.0,0.0,0.0,0.0,0.0,0.0
Campaña SARS-CoV-2 (Moderna),103,0.0,0.0,0.0,0.0,9.0,9.0,1.0,1.0,0.0,0.0
Campaña SARS-CoV-2 (Pfizer),103,7.0,7.0,6.0,6.0,83.0,83.0,38.0,38.0,0.0,0.0
Campaña SARS-CoV-2 (Sinovac),103,208.0,208.0,197.0,197.0,0.0,0.0,30.0,30.0,0.0,0.0
,103,0.0,0.0,0.0,0.0,0.0,0.0,0.0,0.0,0.0,0.0
Campaña SARS-CoV-2 (AstraZeneca),104,0.0,0.0,0.0,0.0,0.0,0.0,39.0,39.0,0.0,0.0
CanSino,104,0.0,0.0,0.0,0.0,0.0,0.0,0.0,0.0,0.0,0.0
Campaña SARS-CoV-2 (Janssen),104,0.0,0.0,0.0,0.0,0.0,0.0,0.0,0.0,0.0,0.0
Campaña SARS-CoV-2 (Moderna),104,0.0,0.0,0.0,0.0,2.0,2.0,1.0,1.0,0.0,0.0
Campaña SARS-CoV-2 (Pfizer),104,2.0,2.0,1.0,1.0,42.0,42.0,22.0,22.0,0.0,0.0
Campaña SARS-CoV-2 (Sinovac),104,114.0,114.0,109.0,109.0,0.0,0.0,13.0,13.0,0.0,0.0
,104,0.0,0.0,0.0,0.0,0.0,0.0,0.0,0.0,0.0,0.0
Campaña SARS-CoV-2 (AstraZeneca),105,0.0,0.0,0.0,0.0,0.0,0.0,30.0,30.0,0.0,0.0
CanSino,105,0.0,0.0,0.0,0.0,0.0,0.0,0.0,0.0,0.0,0.0
Campaña SARS-CoV-2 (Janssen),105,0.0,0.0,0.0,0.0,0.0,0.0,0.0,0.0,0.0,0.0
Campaña SARS-CoV-2 (Moderna),105,0.0,0.0,0.0,0.0,0.0,0.0,0.0,0.0,0.0,0.0
Campaña SARS-CoV-2 (Pfizer),105,0.0,0.0,0.0,0.0,37.0,37.0,12.0,12.0,0.0,0.0
Campaña SARS-CoV-2 (Sinovac),105,75.0,75.0,71.0,71.0,0.0,0.0,11.0,11.0,0.0,0.0
,105,0.0,0.0,0.0,0.0,0.0,0.0,0.0,0.0,0.0,0.0
Campaña SARS-CoV-2 (AstraZeneca),106,0.0,0.0,0.0,0.0,0.0,0.0,6.0,6.0,0.0,0.0
CanSino,106,0.0,0.0,0.0,0.0,0.0,0.0,0.0,0.0,0.0,0.0
Campaña SARS-CoV-2 (Janssen),106,0.0,0.0,0.0,0.0,0.0,0.0,0.0,0.0,0.0,0.0
Campaña SARS-CoV-2 (Moderna),106,0.0,0.0,0.0,0.0,0.0,0.0,0.0,0.0,0.0,0.0
Campaña SARS-CoV-2 (Pfizer),106,1.0,1.0,1.0,1.0,5.0,5.0,2.0,2.0,0.0,0.0
Campaña SARS-CoV-2 (Sinovac),106,25.0,25.0,25.0,25.0,0.0,0.0,1.0,1.0,0.0,0.0
,106,0.0,0.0,0.0,0.0,0.0,0.0,0.0,0.0,0.0,0.0
Campaña SARS-CoV-2 (AstraZeneca),107,0.0,0.0,0.0,0.0,0.0,0.0,6.0,6.0,0.0,0.0
CanSino,107,0.0,0.0,0.0,0.0,0.0,0.0,0.0,0.0,0.0,0.0
Campaña SARS-CoV-2 (Janssen),107,0.0,0.0,0.0,0.0,0.0,0.0,0.0,0.0,0.0,0.0
Campaña SARS-CoV-2 (Moderna),107,0.0,0.0,0.0,0.0,2.0,2.0,0.0,0.0,0.0,0.0
Campaña SARS-CoV-2 (Pfizer),107,0.0,0.0,0.0,0.0,7.0,7.0,4.0,4.0,0.0,0.0
Campaña SARS-CoV-2 (Sinovac),107,23.0,23.0,22.0,22.0,0.0,0.0,4.0,4.0,0.0,0.0
,107,0.0,0.0,0.0,0.0,0.0,0.0,0.0,0.0,0.0,0.0
Campaña SARS-CoV-2 (AstraZeneca),108,0.0,0.0,0.0,0.0,0.0,0.0,4.0,4.0,0.0,0.0
CanSino,108,0.0,0.0,0.0,0.0,0.0,0.0,0.0,0.0,0.0,0.0
Campaña SARS-CoV-2 (Janssen),108,0.0,0.0,0.0,0.0,0.0,0.0,0.0,0.0,0.0,0.0
Campaña SARS-CoV-2 (Moderna),108,0.0,0.0,0.0,0.0,0.0,0.0,0.0,0.0,0.0,0.0
Campaña SARS-CoV-2 (Pfizer),108,0.0,0.0,0.0,0.0,10.0,10.0,3.0,3.0,0.0,0.0
Campaña SARS-CoV-2 (Sinovac),108,19.0,19.0,18.0,18.0,0.0,0.0,5.0,5.0,0.0,0.0
,108,0.0,0.0,0.0,0.0,0.0,0.0,0.0,0.0,0.0,0.0
Campaña SARS-CoV-2 (AstraZeneca),109,0.0,0.0,0.0,0.0,0.0,0.0,3.0,3.0,0.0,0.0
CanSino,109,0.0,0.0,0.0,0.0,0.0,0.0,0.0,0.0,0.0,0.0
Campaña SARS-CoV-2 (Janssen),109,0.0,0.0,0.0,0.0,0.0,0.0,0.0,0.0,0.0,0.0
Campaña SARS-CoV-2 (Moderna),109,0.0,0.0,0.0,0.0,0.0,0.0,0.0,0.0,0.0,0.0
Campaña SARS-CoV-2 (Pfizer),109,0.0,0.0,0.0,0.0,5.0,5.0,2.0,2.0,0.0,0.0
Campaña SARS-CoV-2 (Sinovac),109,7.0,7.0,7.0,7.0,0.0,0.0,1.0,1.0,0.0,0.0
,109,0.0,0.0,0.0,0.0,0.0,0.0,0.0,0.0,0.0,0.0
Campaña SARS-CoV-2 (AstraZeneca),110,0.0,0.0,0.0,0.0,0.0,0.0,1.0,1.0,0.0,0.0
CanSino,110,0.0,0.0,0.0,0.0,0.0,0.0,0.0,0.0,0.0,0.0
Campaña SARS-CoV-2 (Janssen),110,0.0,0.0,0.0,0.0,0.0,0.0,0.0,0.0,0.0,0.0
Campaña SARS-CoV-2 (Moderna),110,0.0,0.0,0.0,0.0,0.0,0.0,0.0,0.0,0.0,0.0
Campaña SARS-CoV-2 (Pfizer),110,0.0,0.0,0.0,0.0,2.0,2.0,0.0,0.0,0.0,0.0
Campaña SARS-CoV-2 (Sinovac),110,8.0,8.0,8.0,8.0,0.0,0.0,4.0,4.0,0.0,0.0
,110,0.0,0.0,0.0,0.0,0.0,0.0,0.0,0.0,0.0,0.0
Campaña SARS-CoV-2 (AstraZeneca),111,0.0,0.0,0.0,0.0,0.0,0.0,0.0,0.0,0.0,0.0
CanSino,111,0.0,0.0,0.0,0.0,0.0,0.0,0.0,0.0,0.0,0.0
Campaña SARS-CoV-2 (Janssen),111,0.0,0.0,0.0,0.0,0.0,0.0,0.0,0.0,0.0,0.0
Campaña SARS-CoV-2 (Moderna),111,0.0,0.0,0.0,0.0,0.0,0.0,0.0,0.0,0.0,0.0
Campaña SARS-CoV-2 (Pfizer),111,0.0,0.0,0.0,0.0,1.0,1.0,0.0,0.0,0.0,0.0
Campaña SARS-CoV-2 (Sinovac),111,1.0,1.0,1.0,1.0,0.0,0.0,1.0,1.0,0.0,0.0
,111,0.0,0.0,0.0,0.0,0.0,0.0,0.0,0.0,0.0,0.0
Campaña SARS-CoV-2 (AstraZeneca),112,0.0,0.0,0.0,0.0,0.0,0.0,0.0,0.0,0.0,0.0
CanSino,112,0.0,0.0,0.0,0.0,0.0,0.0,0.0,0.0,0.0,0.0
Campaña SARS-CoV-2 (Janssen),112,0.0,0.0,0.0,0.0,0.0,0.0,0.0,0.0,0.0,0.0
Campaña SARS-CoV-2 (Moderna),112,0.0,0.0,0.0,0.0,0.0,0.0,0.0,0.0,0.0,0.0
Campaña SARS-CoV-2 (Pfizer),112,0.0,0.0,0.0,0.0,0.0,0.0,1.0,1.0,0.0,0.0
Campaña SARS-CoV-2 (Sinovac),112,1.0,1.0,1.0,1.0,0.0,0.0,0.0,0.0,0.0,0.0
,112,0.0,0.0,0.0,0.0,0.0,0.0,0.0,0.0,0.0,0.0
Campaña SARS-CoV-2 (AstraZeneca),113,0.0,0.0,0.0,0.0,0.0,0.0,0.0,0.0,0.0,0.0
CanSino,113,0.0,0.0,0.0,0.0,0.0,0.0,0.0,0.0,0.0,0.0
Campaña SARS-CoV-2 (Janssen),113,0.0,0.0,0.0,0.0,0.0,0.0,0.0,0.0,0.0,0.0
Campaña SARS-CoV-2 (Moderna),113,0.0,0.0,0.0,0.0,0.0,0.0,0.0,0.0,0.0,0.0
Campaña SARS-CoV-2 (Pfizer),113,0.0,0.0,0.0,0.0,0.0,0.0,0.0,0.0,0.0,0.0
Campaña SARS-CoV-2 (Sinovac),113,0.0,0.0,0.0,0.0,0.0,0.0,0.0,0.0,0.0,0.0
,113,0.0,0.0,0.0,0.0,0.0,0.0,0.0,0.0,0.0,0.0
Campaña SARS-CoV-2 (AstraZeneca),114,0.0,0.0,0.0,0.0,0.0,0.0,0.0,0.0,0.0,0.0
CanSino,114,0.0,0.0,0.0,0.0,0.0,0.0,0.0,0.0,0.0,0.0
Campaña SARS-CoV-2 (Janssen),114,0.0,0.0,0.0,0.0,0.0,0.0,0.0,0.0,0.0,0.0
Campaña SARS-CoV-2 (Moderna),114,0.0,0.0,0.0,0.0,0.0,0.0,0.0,0.0,0.0,0.0
Campaña SARS-CoV-2 (Pfizer),114,0.0,0.0,0.0,0.0,0.0,0.0,0.0,0.0,0.0,0.0
Campaña SARS-CoV-2 (Sinovac),114,0.0,0.0,0.0,0.0,0.0,0.0,0.0,0.0,0.0,0.0
,114,0.0,0.0,0.0,0.0,0.0,0.0,0.0,0.0,0.0,0.0
Campaña SARS-CoV-2 (AstraZeneca),115,0.0,0.0,0.0,0.0,0.0,0.0,0.0,0.0,0.0,0.0
CanSino,115,0.0,0.0,0.0,0.0,0.0,0.0,0.0,0.0,0.0,0.0
Campaña SARS-CoV-2 (Janssen),115,0.0,0.0,0.0,0.0,0.0,0.0,0.0,0.0,0.0,0.0
Campaña SARS-CoV-2 (Moderna),115,0.0,0.0,0.0,0.0,0.0,0.0,0.0,0.0,0.0,0.0
Campaña SARS-CoV-2 (Pfizer),115,0.0,0.0,0.0,0.0,0.0,0.0,0.0,0.0,0.0,0.0
Campaña SARS-CoV-2 (Sinovac),115,0.0,0.0,0.0,0.0,0.0,0.0,0.0,0.0,0.0,0.0
,115,0.0,0.0,0.0,0.0,0.0,0.0,0.0,0.0,0.0,0.0
Campaña SARS-CoV-2 (AstraZeneca),116,0.0,0.0,0.0,0.0,0.0,0.0,0.0,0.0,0.0,0.0
CanSino,116,0.0,0.0,0.0,0.0,0.0,0.0,0.0,0.0,0.0,0.0
Campaña SARS-CoV-2 (Janssen),116,0.0,0.0,0.0,0.0,0.0,0.0,0.0,0.0,0.0,0.0
Campaña SARS-CoV-2 (Moderna),116,0.0,0.0,0.0,0.0,0.0,0.0,0.0,0.0,0.0,0.0
Campaña SARS-CoV-2 (Pfizer),116,0.0,0.0,0.0,0.0,0.0,0.0,0.0,0.0,0.0,0.0
Campaña SARS-CoV-2 (Sinovac),116,0.0,0.0,0.0,0.0,0.0,0.0,0.0,0.0,0.0,0.0
,116,0.0,0.0,0.0,0.0,0.0,0.0,0.0,0.0,0.0,0.0
Campaña SARS-CoV-2 (AstraZeneca),117,0.0,0.0,0.0,0.0,0.0,0.0,0.0,0.0,0.0,0.0
CanSino,117,0.0,0.0,0.0,0.0,0.0,0.0,0.0,0.0,0.0,0.0
Campaña SARS-CoV-2 (Janssen),117,0.0,0.0,0.0,0.0,0.0,0.0,0.0,0.0,0.0,0.0
Campaña SARS-CoV-2 (Moderna),117,0.0,0.0,0.0,0.0,0.0,0.0,0.0,0.0,0.0,0.0
Campaña SARS-CoV-2 (Pfizer),117,0.0,0.0,0.0,0.0,0.0,0.0,0.0,0.0,0.0,0.0
Campaña SARS-CoV-2 (Sinovac),117,0.0,0.0,0.0,0.0,0.0,0.0,0.0,0.0,0.0,0.0
,117,0.0,0.0,0.0,0.0,0.0,0.0,0.0,0.0,0.0,0.0
Campaña SARS-CoV-2 (AstraZeneca),118,0.0,0.0,0.0,0.0,0.0,0.0,0.0,0.0,0.0,0.0
CanSino,118,0.0,0.0,0.0,0.0,0.0,0.0,0.0,0.0,0.0,0.0
Campaña SARS-CoV-2 (Janssen),118,0.0,0.0,0.0,0.0,0.0,0.0,0.0,0.0,0.0,0.0
Campaña SARS-CoV-2 (Moderna),118,0.0,0.0,0.0,0.0,0.0,0.0,0.0,0.0,0.0,0.0
Campaña SARS-CoV-2 (Pfizer),118,0.0,0.0,0.0,0.0,0.0,0.0,0.0,0.0,0.0,0.0
Campaña SARS-CoV-2 (Sinovac),118,0.0,0.0,0.0,0.0,0.0,0.0,0.0,0.0,0.0,0.0
,118,0.0,0.0,0.0,0.0,0.0,0.0,0.0,0.0,0.0,0.0
Campaña SARS-CoV-2 (AstraZeneca),119,0.0,0.0,0.0,0.0,0.0,0.0,0.0,0.0,0.0,0.0
CanSino,119,0.0,0.0,0.0,0.0,0.0,0.0,0.0,0.0,0.0,0.0
Campaña SARS-CoV-2 (Janssen),119,0.0,0.0,0.0,0.0,0.0,0.0,0.0,0.0,0.0,0.0
Campaña SARS-CoV-2 (Moderna),119,0.0,0.0,0.0,0.0,0.0,0.0,0.0,0.0,0.0,0.0
Campaña SARS-CoV-2 (Pfizer),119,0.0,0.0,0.0,0.0,0.0,0.0,0.0,0.0,0.0,0.0
Campaña SARS-CoV-2 (Sinovac),119,0.0,0.0,0.0,0.0,0.0,0.0,0.0,0.0,0.0,0.0
,119,0.0,0.0,0.0,0.0,0.0,0.0,0.0,0.0,0.0,0.0
Campaña SARS-CoV-2 (AstraZeneca),120,0.0,0.0,0.0,0.0,0.0,0.0,0.0,0.0,0.0,0.0
CanSino,120,0.0,0.0,0.0,0.0,0.0,0.0,0.0,0.0,0.0,0.0
Campaña SARS-CoV-2 (Janssen),120,0.0,0.0,0.0,0.0,0.0,0.0,0.0,0.0,0.0,0.0
Campaña SARS-CoV-2 (Moderna),120,0.0,0.0,0.0,0.0,0.0,0.0,0.0,0.0,0.0,0.0
Campaña SARS-CoV-2 (Pfizer),120,0.0,0.0,0.0,0.0,0.0,0.0,0.0,0.0,0.0,0.0
Campaña SARS-CoV-2 (Sinovac),120,1.0,1.0,0.0,0.0,0.0,0.0,0.0,0.0,0.0,0.0
,120,0.0,0.0,0.0,0.0,0.0,0.0,0.0,0.0,0.0,0.0
Campaña SARS-CoV-2 (AstraZeneca),121,0.0,0.0,0.0,0.0,0.0,0.0,0.0,0.0,0.0,0.0
CanSino,121,0.0,0.0,0.0,0.0,0.0,0.0,0.0,0.0,0.0,0.0
Campaña SARS-CoV-2 (Janssen),121,0.0,0.0,0.0,0.0,0.0,0.0,0.0,0.0,0.0,0.0
Campaña SARS-CoV-2 (Moderna),121,0.0,0.0,0.0,0.0,0.0,0.0,0.0,0.0,0.0,0.0
Campaña SARS-CoV-2 (Pfizer),121,0.0,0.0,0.0,0.0,0.0,0.0,0.0,0.0,0.0,0.0
Campaña SARS-CoV-2 (Sinovac),121,1.0,1.0,0.0,0.0,0.0,0.0,0.0,0.0,0.0,0.0
,121,0.0,0.0,0.0,0.0,0.0,0.0,0.0,0.0,0.0,0.0
Campaña SARS-CoV-2 (AstraZeneca),122,0.0,0.0,0.0,0.0,0.0,0.0,0.0,0.0,0.0,0.0
CanSino,122,0.0,0.0,0.0,0.0,0.0,0.0,0.0,0.0,0.0,0.0
Campaña SARS-CoV-2 (Janssen),122,0.0,0.0,0.0,0.0,0.0,0.0,0.0,0.0,0.0,0.0
Campaña SARS-CoV-2 (Moderna),122,0.0,0.0,0.0,0.0,0.0,0.0,0.0,0.0,0.0,0.0
Campaña SARS-CoV-2 (Pfizer),122,0.0,0.0,0.0,0.0,0.0,0.0,0.0,0.0,0.0,0.0
Campaña SARS-CoV-2 (Sinovac),122,0.0,0.0,0.0,0.0,0.0,0.0,0.0,0.0,0.0,0.0
,122,0.0,0.0,0.0,0.0,0.0,0.0,0.0,0.0,0.0,0.0
Campaña SARS-CoV-2 (AstraZeneca),123,0.0,0.0,0.0,0.0,0.0,0.0,0.0,0.0,0.0,0.0
CanSino,123,0.0,0.0,0.0,0.0,0.0,0.0,0.0,0.0,0.0,0.0
Campaña SARS-CoV-2 (Janssen),123,0.0,0.0,0.0,0.0,0.0,0.0,0.0,0.0,0.0,0.0
Campaña SARS-CoV-2 (Moderna),123,0.0,0.0,0.0,0.0,0.0,0.0,0.0,0.0,0.0,0.0
Campaña SARS-CoV-2 (Pfizer),123,0.0,0.0,0.0,0.0,0.0,0.0,0.0,0.0,0.0,0.0
Campaña SARS-CoV-2 (Sinovac),123,0.0,0.0,0.0,0.0,0.0,0.0,0.0,0.0,0.0,0.0
,123,0.0,0.0,0.0,0.0,0.0,0.0,0.0,0.0,0.0,0.0
Campaña SARS-CoV-2 (AstraZeneca),124,0.0,0.0,0.0,0.0,0.0,0.0,0.0,0.0,0.0,0.0
CanSino,124,0.0,0.0,0.0,0.0,0.0,0.0,0.0,0.0,0.0,0.0
Campaña SARS-CoV-2 (Janssen),124,0.0,0.0,0.0,0.0,0.0,0.0,0.0,0.0,0.0,0.0
Campaña SARS-CoV-2 (Moderna),124,0.0,0.0,0.0,0.0,0.0,0.0,0.0,0.0,0.0,0.0
Campaña SARS-CoV-2 (Pfizer),124,0.0,0.0,0.0,0.0,0.0,0.0,0.0,0.0,0.0,0.0
Campaña SARS-CoV-2 (Sinovac),124,1.0,1.0,0.0,0.0,0.0,0.0,0.0,0.0,0.0,0.0
,124,0.0,0.0,0.0,0.0,0.0,0.0,0.0,0.0,0.0,0.0
Campaña SARS-CoV-2 (AstraZeneca),125,0.0,0.0,0.0,0.0,0.0,0.0,0.0,0.0,0.0,0.0
CanSino,125,0.0,0.0,0.0,0.0,0.0,0.0,0.0,0.0,0.0,0.0
Campaña SARS-CoV-2 (Janssen),125,0.0,0.0,0.0,0.0,0.0,0.0,0.0,0.0,0.0,0.0
Campaña SARS-CoV-2 (Moderna),125,0.0,0.0,0.0,0.0,0.0,0.0,0.0,0.0,0.0,0.0
Campaña SARS-CoV-2 (Pfizer),125,0.0,0.0,0.0,0.0,0.0,0.0,0.0,0.0,0.0,0.0
Campaña SARS-CoV-2 (Sinovac),125,0.0,0.0,0.0,0.0,0.0,0.0,0.0,0.0,0.0,0.0
,125,0.0,0.0,0.0,0.0,0.0,0.0,0.0,0.0,0.0,0.0
Campaña SARS-CoV-2 (AstraZeneca),126,0.0,0.0,0.0,0.0,0.0,0.0,0.0,0.0,0.0,0.0
CanSino,126,0.0,0.0,0.0,0.0,0.0,0.0,0.0,0.0,0.0,0.0
Campaña SARS-CoV-2 (Janssen),126,0.0,0.0,0.0,0.0,0.0,0.0,0.0,0.0,0.0,0.0
Campaña SARS-CoV-2 (Moderna),126,0.0,0.0,0.0,0.0,0.0,0.0,0.0,0.0,0.0,0.0
Campaña SARS-CoV-2 (Pfizer),126,0.0,0.0,0.0,0.0,0.0,0.0,0.0,0.0,0.0,0.0
Campaña SARS-CoV-2 (Sinovac),126,0.0,0.0,0.0,0.0,0.0,0.0,0.0,0.0,0.0,0.0
,126,0.0,0.0,0.0,0.0,0.0,0.0,0.0,0.0,0.0,0.0
Campaña SARS-CoV-2 (AstraZeneca),127,0.0,0.0,0.0,0.0,0.0,0.0,0.0,0.0,0.0,0.0
CanSino,127,0.0,0.0,0.0,0.0,0.0,0.0,0.0,0.0,0.0,0.0
Campaña SARS-CoV-2 (Janssen),127,0.0,0.0,0.0,0.0,0.0,0.0,0.0,0.0,0.0,0.0
Campaña SARS-CoV-2 (Moderna),127,0.0,0.0,0.0,0.0,0.0,0.0,0.0,0.0,0.0,0.0
Campaña SARS-CoV-2 (Pfizer),127,0.0,0.0,0.0,0.0,0.0,0.0,0.0,0.0,0.0,0.0
Campaña SARS-CoV-2 (Sinovac),127,0.0,0.0,0.0,0.0,0.0,0.0,0.0,0.0,0.0,0.0
,127,0.0,0.0,0.0,0.0,0.0,0.0,0.0,0.0,0.0,0.0
Campaña SARS-CoV-2 (AstraZeneca),128,0.0,0.0,0.0,0.0,0.0,0.0,0.0,0.0,0.0,0.0
CanSino,128,0.0,0.0,0.0,0.0,0.0,0.0,0.0,0.0,0.0,0.0
Campaña SARS-CoV-2 (Janssen),128,0.0,0.0,0.0,0.0,0.0,0.0,0.0,0.0,0.0,0.0
Campaña SARS-CoV-2 (Moderna),128,0.0,0.0,0.0,0.0,0.0,0.0,0.0,0.0,0.0,0.0
Campaña SARS-CoV-2 (Pfizer),128,0.0,0.0,0.0,0.0,0.0,0.0,0.0,0.0,0.0,0.0
Campaña SARS-CoV-2 (Sinovac),128,0.0,0.0,0.0,0.0,0.0,0.0,0.0,0.0,0.0,0.0
,128,0.0,0.0,0.0,0.0,0.0,0.0,0.0,0.0,0.0,0.0
Campaña SARS-CoV-2 (AstraZeneca),129,0.0,0.0,0.0,0.0,0.0,0.0,0.0,0.0,0.0,0.0
CanSino,129,0.0,0.0,0.0,0.0,0.0,0.0,0.0,0.0,0.0,0.0
Campaña SARS-CoV-2 (Janssen),129,0.0,0.0,0.0,0.0,0.0,0.0,0.0,0.0,0.0,0.0
Campaña SARS-CoV-2 (Moderna),129,0.0,0.0,0.0,0.0,0.0,0.0,0.0,0.0,0.0,0.0
Campaña SARS-CoV-2 (Pfizer),129,0.0,0.0,0.0,0.0,0.0,0.0,0.0,0.0,0.0,0.0
Campaña SARS-CoV-2 (Sinovac),129,0.0,0.0,0.0,0.0,0.0,0.0,0.0,0.0,0.0,0.0
,129,0.0,0.0,0.0,0.0,0.0,0.0,0.0,0.0,0.0,0.0
Campaña SARS-CoV-2 (AstraZeneca),130,0.0,0.0,0.0,0.0,0.0,0.0,0.0,0.0,0.0,0.0
CanSino,130,0.0,0.0,0.0,0.0,0.0,0.0,0.0,0.0,0.0,0.0
Campaña SARS-CoV-2 (Janssen),130,0.0,0.0,0.0,0.0,0.0,0.0,0.0,0.0,0.0,0.0
Campaña SARS-CoV-2 (Moderna),130,0.0,0.0,0.0,0.0,0.0,0.0,0.0,0.0,0.0,0.0
Campaña SARS-CoV-2 (Pfizer),130,0.0,0.0,0.0,0.0,0.0,0.0,0.0,0.0,0.0,0.0
Campaña SARS-CoV-2 (Sinovac),130,0.0,0.0,0.0,0.0,0.0,0.0,0.0,0.0,0.0,0.0
,130,0.0,0.0,0.0,0.0,0.0,0.0,0.0,0.0,0.0,0.0
Campaña SARS-CoV-2 (AstraZeneca),131,0.0,0.0,0.0,0.0,0.0,0.0,0.0,0.0,0.0,0.0
CanSino,131,0.0,0.0,0.0,0.0,0.0,0.0,0.0,0.0,0.0,0.0
Campaña SARS-CoV-2 (Janssen),131,0.0,0.0,0.0,0.0,0.0,0.0,0.0,0.0,0.0,0.0
Campaña SARS-CoV-2 (Moderna),131,0.0,0.0,0.0,0.0,0.0,0.0,0.0,0.0,0.0,0.0
Campaña SARS-CoV-2 (Pfizer),131,0.0,0.0,0.0,0.0,0.0,0.0,1.0,1.0,0.0,0.0
Campaña SARS-CoV-2 (Sinovac),131,1.0,1.0,1.0,1.0,0.0,0.0,0.0,0.0,0.0,0.0
,131,0.0,0.0,0.0,0.0,0.0,0.0,0.0,0.0,0.0,0.0
Campaña SARS-CoV-2 (AstraZeneca),132,0.0,0.0,0.0,0.0,0.0,0.0,0.0,0.0,0.0,0.0
CanSino,132,0.0,0.0,0.0,0.0,0.0,0.0,0.0,0.0,0.0,0.0
Campaña SARS-CoV-2 (Janssen),132,0.0,0.0,0.0,0.0,0.0,0.0,0.0,0.0,0.0,0.0
Campaña SARS-CoV-2 (Moderna),132,0.0,0.0,0.0,0.0,0.0,0.0,0.0,0.0,0.0,0.0
Campaña SARS-CoV-2 (Pfizer),132,0.0,0.0,0.0,0.0,0.0,0.0,0.0,0.0,0.0,0.0
Campaña SARS-CoV-2 (Sinovac),132,0.0,0.0,0.0,0.0,0.0,0.0,0.0,0.0,0.0,0.0
,132,0.0,0.0,0.0,0.0,0.0,0.0,0.0,0.0,0.0,0.0
Campaña SARS-CoV-2 (AstraZeneca),133,0.0,0.0,0.0,0.0,0.0,0.0,0.0,0.0,0.0,0.0
CanSino,133,0.0,0.0,0.0,0.0,0.0,0.0,0.0,0.0,0.0,0.0
Campaña SARS-CoV-2 (Janssen),133,0.0,0.0,0.0,0.0,0.0,0.0,0.0,0.0,0.0,0.0
Campaña SARS-CoV-2 (Moderna),133,0.0,0.0,0.0,0.0,0.0,0.0,0.0,0.0,0.0,0.0
Campaña SARS-CoV-2 (Pfizer),133,0.0,0.0,0.0,0.0,1.0,1.0,1.0,1.0,0.0,0.0
Campaña SARS-CoV-2 (Sinovac),133,1.0,1.0,1.0,1.0,0.0,0.0,0.0,0.0,0.0,0.0
,133,0.0,0.0,0.0,0.0,0.0,0.0,0.0,0.0,0.0,0.0
Campaña SARS-CoV-2 (AstraZeneca),134,0.0,0.0,0.0,0.0,0.0,0.0,0.0,0.0,0.0,0.0
CanSino,134,0.0,0.0,0.0,0.0,0.0,0.0,0.0,0.0,0.0,0.0
Campaña SARS-CoV-2 (Janssen),134,0.0,0.0,0.0,0.0,0.0,0.0,0.0,0.0,0.0,0.0
Campaña SARS-CoV-2 (Moderna),134,0.0,0.0,0.0,0.0,0.0,0.0,0.0,0.0,0.0,0.0
Campaña SARS-CoV-2 (Pfizer),134,0.0,0.0,0.0,0.0,0.0,0.0,0.0,0.0,0.0,0.0
Campaña SARS-CoV-2 (Sinovac),134,0.0,0.0,0.0,0.0,0.0,0.0,0.0,0.0,0.0,0.0
,134,0.0,0.0,0.0,0.0,0.0,0.0,0.0,0.0,0.0,0.0
Campaña SARS-CoV-2 (AstraZeneca),135,0.0,0.0,0.0,0.0,0.0,0.0,0.0,0.0,0.0,0.0
CanSino,135,0.0,0.0,0.0,0.0,0.0,0.0,0.0,0.0,0.0,0.0
Campaña SARS-CoV-2 (Janssen),135,0.0,0.0,0.0,0.0,0.0,0.0,0.0,0.0,0.0,0.0
Campaña SARS-CoV-2 (Moderna),135,0.0,0.0,0.0,0.0,0.0,0.0,0.0,0.0,0.0,0.0
Campaña SARS-CoV-2 (Pfizer),135,0.0,0.0,0.0,0.0,0.0,0.0,0.0,0.0,0.0,0.0
Campaña SARS-CoV-2 (Sinovac),135,0.0,0.0,0.0,0.0,0.0,0.0,0.0,0.0,0.0,0.0
,135,0.0,0.0,0.0,0.0,0.0,0.0,0.0,0.0,0.0,0.0
Campaña SARS-CoV-2 (AstraZeneca),136,0.0,0.0,0.0,0.0,0.0,0.0,0.0,0.0,0.0,0.0
CanSino,136,0.0,0.0,0.0,0.0,0.0,0.0,0.0,0.0,0.0,0.0
Campaña SARS-CoV-2 (Janssen),136,0.0,0.0,0.0,0.0,0.0,0.0,0.0,0.0,0.0,0.0
Campaña SARS-CoV-2 (Moderna),136,0.0,0.0,0.0,0.0,0.0,0.0,0.0,0.0,0.0,0.0
Campaña SARS-CoV-2 (Pfizer),136,0.0,0.0,0.0,0.0,0.0,0.0,0.0,0.0,0.0,0.0
Campaña SARS-CoV-2 (Sinovac),136,0.0,0.0,0.0,0.0,0.0,0.0,0.0,0.0,0.0,0.0
,136,0.0,0.0,0.0,0.0,0.0,0.0,0.0,0.0,0.0,0.0
Campaña SARS-CoV-2 (AstraZeneca),137,0.0,0.0,0.0,0.0,0.0,0.0,0.0,0.0,0.0,0.0
CanSino,137,0.0,0.0,0.0,0.0,0.0,0.0,0.0,0.0,0.0,0.0
Campaña SARS-CoV-2 (Janssen),137,0.0,0.0,0.0,0.0,0.0,0.0,0.0,0.0,0.0,0.0
Campaña SARS-CoV-2 (Moderna),137,0.0,0.0,0.0,0.0,0.0,0.0,0.0,0.0,0.0,0.0
Campaña SARS-CoV-2 (Pfizer),137,0.0,0.0,0.0,0.0,0.0,0.0,0.0,0.0,0.0,0.0
Campaña SARS-CoV-2 (Sinovac),137,0.0,0.0,0.0,0.0,0.0,0.0,0.0,0.0,0.0,0.0
,137,0.0,0.0,0.0,0.0,0.0,0.0,0.0,0.0,0.0,0.0
Campaña SARS-CoV-2 (AstraZeneca),138,0.0,0.0,0.0,0.0,0.0,0.0,0.0,0.0,0.0,0.0
CanSino,138,0.0,0.0,0.0,0.0,0.0,0.0,0.0,0.0,0.0,0.0
Campaña SARS-CoV-2 (Janssen),138,0.0,0.0,0.0,0.0,0.0,0.0,0.0,0.0,0.0,0.0
Campaña SARS-CoV-2 (Moderna),138,0.0,0.0,0.0,0.0,0.0,0.0,0.0,0.0,0.0,0.0
Campaña SARS-CoV-2 (Pfizer),138,0.0,0.0,0.0,0.0,0.0,0.0,0.0,0.0,0.0,0.0
Campaña SARS-CoV-2 (Sinovac),138,0.0,0.0,0.0,0.0,0.0,0.0,0.0,0.0,0.0,0.0
,138,0.0,0.0,0.0,0.0,0.0,0.0,0.0,0.0,0.0,0.0
Campaña SARS-CoV-2 (AstraZeneca),139,0.0,0.0,0.0,0.0,0.0,0.0,0.0,0.0,0.0,0.0
CanSino,139,0.0,0.0,0.0,0.0,0.0,0.0,0.0,0.0,0.0,0.0
Campaña SARS-CoV-2 (Janssen),139,0.0,0.0,0.0,0.0,0.0,0.0,0.0,0.0,0.0,0.0
Campaña SARS-CoV-2 (Moderna),139,0.0,0.0,0.0,0.0,0.0,0.0,0.0,0.0,0.0,0.0
Campaña SARS-CoV-2 (Pfizer),139,0.0,0.0,0.0,0.0,0.0,0.0,0.0,0.0,0.0,0.0
Campaña SARS-CoV-2 (Sinovac),139,0.0,0.0,0.0,0.0,0.0,0.0,0.0,0.0,0.0,0.0
,139,0.0,0.0,0.0,0.0,0.0,0.0,0.0,0.0,0.0,0.0
Campaña SARS-CoV-2 (AstraZeneca),140,0.0,0.0,0.0,0.0,0.0,0.0,0.0,0.0,0.0,0.0
CanSino,140,0.0,0.0,0.0,0.0,0.0,0.0,0.0,0.0,0.0,0.0
Campaña SARS-CoV-2 (Janssen),140,0.0,0.0,0.0,0.0,0.0,0.0,0.0,0.0,0.0,0.0
Campaña SARS-CoV-2 (Moderna),140,0.0,0.0,0.0,0.0,0.0,0.0,0.0,0.0,0.0,0.0
Campaña SARS-CoV-2 (Pfizer),140,0.0,0.0,0.0,0.0,0.0,0.0,0.0,0.0,0.0,0.0
Campaña SARS-CoV-2 (Sinovac),140,0.0,0.0,0.0,0.0,0.0,0.0,0.0,0.0,0.0,0.0
,140,0.0,0.0,0.0,0.0,0.0,0.0,0.0,0.0,0.0,0.0
Campaña SARS-CoV-2 (AstraZeneca),141,0.0,0.0,0.0,0.0,0.0,0.0,0.0,0.0,0.0,0.0
CanSino,141,0.0,0.0,0.0,0.0,0.0,0.0,0.0,0.0,0.0,0.0
Campaña SARS-CoV-2 (Janssen),141,0.0,0.0,0.0,0.0,0.0,0.0,0.0,0.0,0.0,0.0
Campaña SARS-CoV-2 (Moderna),141,0.0,0.0,0.0,0.0,0.0,0.0,0.0,0.0,0.0,0.0
Campaña SARS-CoV-2 (Pfizer),141,0.0,0.0,0.0,0.0,0.0,0.0,1.0,1.0,0.0,0.0
Campaña SARS-CoV-2 (Sinovac),141,1.0,1.0,1.0,1.0,0.0,0.0,0.0,0.0,0.0,0.0
,141,0.0,0.0,0.0,0.0,0.0,0.0,0.0,0.0,0.0,0.0
